Artist,Date,Time,City,State,Price_min,Price_max
P!nk: Beautiful Trauma World Tour,2019-08-16,20:00:00,Uniondale,NY,75.95,75.95
Drums Along the Waterfront,2019-08-04,18:30:00,Orchard Park,NY,29.0,29.0
Woodstock 50,2019-08-16,12:00:00,Watkins Glen,NY,N/A,N/A
Lady Antebellum,2019-08-03,20:00:00,Verona,NY,49.0,49.0
Queen + Adam Lambert: The Rhapsody Tour,2019-08-06,20:00:00,New York,NY,60.0,60.0
Dave Matthews Band,2019-07-18,20:00:00,Wantagh,NY,45.5,45.5
21 Savage - i am > i was Tour,2019-08-08,19:30:00,New York,NY,59.5,59.5
John Mayer,2019-07-26,19:30:00,New York,NY,59.0,59.0
Queen + Adam Lambert: The Rhapsody Tour,2019-08-07,20:00:00,New York,NY,60.0,60.0
John Mayer,2019-07-25,19:30:00,New York,NY,59.0,59.0
Interswitch One Africa Music Fest,2019-08-10,18:00:00,Brooklyn,NY,N/A,N/A
Lil Baby & DaBaby,2019-08-14,20:00:00,White Plains,NY,49.5,49.5
Backstreet Boys: DNA World Tour,2019-08-15,20:00:00,Brooklyn,NY,76.0,76.0
JoJo Siwa,2019-07-21,19:00:00,Forest Hills,NY,N/A,N/A
John Mayer,2019-07-19,19:30:00,Albany,NY,35.5,35.5
Barbra Streisand,2019-08-03,20:00:00,New York,NY,131.0,131.0
Michael Bublé,2019-07-24,20:00:00,New York,NY,91.0,91.0
Nickelodeon's JoJo Siwa D.R.E.A.M. The Tour,2019-07-26,19:00:00,Uniondale,NY,38.0,38.0
Hootie & The Blowfish: Group Therapy Tour,2019-08-10,19:30:00,New York,NY,49.5,49.5
Thomas Rhett: Very Hot Summer Tour 2019,2019-07-19,19:00:00,Darien Center,NY,39.0,39.0
Khalid Free Spirit World Tour,2019-07-31,19:30:00,New York,NY,69.95,69.95
Hootie & The Blowfish: Group Therapy Tour,2019-08-04,19:30:00,Saratoga Springs,NY,29.5,29.5
Hootie & The Blowfish: Group Therapy Tour,2019-08-09,19:30:00,Canandaigua,NY,45.0,45.0
Iron Maiden   Legacy Of The Beast Tour 2019,2019-07-26,19:30:00,Brooklyn,NY,49.5,49.5
Jimmy Buffett,2019-08-08,20:00:00,Wantagh,NY,56.0,56.0
"Train, Goo Goo Dolls",2019-08-03,19:00:00,Wantagh,NY,29.5,29.5
Train/Goo Goo Dolls,2019-07-26,19:00:00,Saratoga Springs,NY,29.5,29.5
Santana: Supernatural Now,2019-08-17,19:00:00,Bethel,NY,70.0,70.0
Wiz Khalifa: The Decent Exposure Tour,2019-07-21,18:00:00,Darien Center,NY,29.0,29.0
2019 MONSTA X World Tour 'We Are Here',2019-08-03,20:00:00,New York,NY,N/A,N/A
Heart: Love Alive Tour,2019-07-21,19:00:00,Saratoga Springs,NY,20.0,20.0
Heart: Love Alive Tour,2019-07-30,19:00:00,Syracuse,NY,20.0,20.0
Florida Georgia Line: Cant Say I Ain't Country Tour 2019,2019-07-20,19:00:00,Wantagh,NY,80.25,80.25
Chris Stapleton's All American Road Show,2019-07-27,19:00:00,Canandaigua,NY,34.75,34.75
Chris Stapleton's All American Road Show,2019-07-26,19:00:00,Bethel,NY,43.75,43.75
Iron Maiden  Legacy Of The Beast Tour 2019,2019-07-27,19:30:00,Brooklyn,NY,49.5,49.5
Florida Georgia Line: Can't Say I Ain't Country Tour,2019-08-15,19:00:00,Syracuse,NY,31.0,31.0
Hootie & The Blowfish: Group Therapy Tour,2019-08-11,19:30:00,New York,NY,49.5,49.5
Bryan Adams & Billy Idol,2019-08-04,20:00:00,Wantagh,NY,25.0,25.0
Ringo Starr and His All Starr Band,2019-08-16,19:00:00,Bethel,NY,31.49,31.49
KoRn & Alice In Chains,2019-08-02,18:30:00,Darien Center,NY,29.5,29.5
Heart: Love Alive Tour,2019-07-26,19:00:00,Darien Center,NY,29.5,29.5
Jon Bellion: The Glory Sound Prep Tour,2019-08-10,19:00:00,Wantagh,NY,25.0,25.0
Beck and Cage the Elephant: The Night Running Tour,2019-08-12,18:00:00,Saratoga Springs,NY,29.5,29.5
KoRn & Alice In Chains,2019-08-06,18:00:00,Wantagh,NY,25.0,25.0
Jason Aldean: Ride All Night Tour 2019,2019-08-10,19:30:00,Canandaigua,NY,43.0,43.0
Train/Goo Goo Dolls,2019-07-27,19:00:00,Bethel,NY,38.5,38.5
Breaking Benjamin,2019-08-04,17:30:00,Darien Center,NY,29.5,29.5
SiriusXM Presents Train/Goo Goo Dolls,2019-08-02,19:00:00,Canandaigua,NY,21.75,21.75
The Smashing Pumpkins & Noel Gallagher's High Flying Birds,2019-08-09,19:00:00,Wantagh,NY,29.5,29.5
Daryl Hall & John Oates,2019-08-15,19:00:00,Canandaigua,NY,18.0,18.0
Breaking Benjamin,2019-07-30,17:30:00,Saratoga Springs,NY,29.5,29.5
Heart: Love Alive Tour,2019-07-29,19:00:00,Bethel,NY,40.5,40.5
Beck and Cage the Elephant: The Night Running Tour,2019-08-13,18:00:00,Darien Center,NY,29.5,29.5
Elvis Costello & The Imposters And Blondie,2019-07-20,19:00:00,Bethel,NY,N/A,N/A
Khalid Free Spirit World Tour,2019-08-01,19:30:00,New York,NY,59.95,59.95
PRETTYMUCH: FOMO Tour,2019-07-23,19:00:00,New York,NY,39.95,39.95
311 & Dirty Heads,2019-07-20,17:45:00,Darien Center,NY,26.0,26.0
KoRn & Alice In Chains,2019-08-11,18:30:00,Saratoga Springs,NY,29.5,29.5
The Smashing Pumpkins & Noel Gallagher's High Flying Birds,2019-08-10,19:00:00,Darien Center,NY,29.5,29.5
311 & Dirty Heads,2019-07-26,17:45:00,Wantagh,NY,29.5,29.5
Ringo Starr and His All Starr Band,2019-08-17,19:30:00,Farmingville,NY,29.5,29.5
John Fogerty: My 50 Year Trip,2019-08-18,18:00:00,Bethel,NY,45.0,45.0
Bryan Adams & Billy Idol,2019-08-09,20:00:00,Darien Center,NY,25.0,25.0
Carly Rae Jepsen - THE DEDICATED TOUR,2019-07-18,20:00:00,New York,NY,N/A,N/A
Bryan Adams & Billy Idol,2019-08-06,20:00:00,Syracuse,NY,25.0,25.0
John Fogerty: My 50 Year Trip,2019-08-15,20:00:00,New York,NY,N/A,N/A
Steve Miller Band & Marty Stuart,2019-07-24,18:30:00,New York,NY,69.5,69.5
Marco Antonio Solis: La Historia Continua 2019,2019-08-17,20:00:00,New York,NY,69.0,69.0
Sheryl Crow,2019-07-28,19:00:00,New York,NY,N/A,N/A
Ticket To Rock,2019-08-02,19:00:00,Darien Center,NY,59.0,59.0
Frankie Valli and the Four Seasons,2019-07-19,19:30:00,Brooklyn,NY,29.5,29.5
Rob Thomas: Chip Tooth Tour,2019-07-21,19:00:00,Canandaigua,NY,12.0,12.0
Ben Folds & Violent Femmes,2019-08-01,18:30:00,New York,NY,59.5,59.5
Rob Thomas: Chip Tooth Tour,2019-07-24,19:30:00,Saratoga Springs,NY,43.0,43.0
Alice Cooper & Halestorm,2019-08-07,19:00:00,Canandaigua,NY,19.0,19.0
Ringo Starr and His All Starr Band,2019-08-18,19:30:00,New York,NY,99.5,99.5
Godsmack,2019-07-23,20:00:00,New York,NY,N/A,N/A
Frankie Valli and the Four Seasons,2019-07-20,20:00:00,Farmingville,NY,29.5,29.5
The Struts: Young & Dangerous Tour 2019,2019-07-27,18:30:00,New York,NY,32.5,32.5
The Stray Cats - 40th Anniversary Tour,2019-08-06,19:00:00,New York,NY,68.5,68.5
Rob Thomas: Chip Tooth Tour,2019-07-29,19:30:00,New York,NY,63.5,63.5
Why Don't We,2019-08-06,19:00:00,Albany,NY,39.5,39.5
Alice Cooper & Halestorm,2019-08-08,19:00:00,Bethel,NY,38.5,38.5
Robyn,2019-07-19,19:00:00,Brooklyn,NY,49.5,49.5
Rob Thomas: Chip Tooth Tour,2019-07-23,19:30:00,Syracuse,NY,38.0,38.0
Santana: Supernatural Now,2019-08-16,19:00:00,Darien Center,NY,46.5,46.5
Papa Roach: Who Do You Trust Tour,2019-08-11,18:00:00,New York,NY,59.5,59.5
Ticket To Rock,2019-07-30,10:00:00,Saratoga Springs,NY,59.0,59.0
Bad Religion w/ The Explosion,2019-08-03,20:00:00,Brooklyn,NY,N/A,N/A
Rick Springfield,2019-08-13,18:30:00,Lewiston,NY,N/A,N/A
Gian Marco -  Intuición Tour USA 2019,2019-07-18,20:00:00,Westbury,NY,39.5,39.5
Lionel Richie,2019-07-18,20:00:00,New York,NY,N/A,N/A
Bad Religion,2019-08-02,19:00:00,New York,NY,35.0,35.0
Lord Huron,2019-07-18,19:30:00,Kingston,NY,30.0,30.0
Brett Young,2019-08-10,19:00:00,Watertown,NY,N/A,N/A
Conor Oberst,2019-07-20,20:00:00,Woodstock,NY,N/A,N/A
Nickelodeon's JoJo Siwa D.R.E.A.M. The Tour,2019-07-28,19:00:00,Lewiston,NY,N/A,N/A
Rob Thomas: Chip Tooth Tour,2019-07-30,19:30:00,New York,NY,63.5,63.5
Barry Manilow,2019-07-26,20:00:00,New York,NY,99.0,99.0
Godsmack,2019-07-21,20:00:00,Glens Falls,NY,N/A,N/A
"Crown The Empire, Attila",2019-08-10,17:00:00,Poughkeepsie,NY,N/A,N/A
Dierks Bentley: Burning Man 2019,2019-08-02,19:00:00,Wantagh,NY,34.25,34.25
Steve Miller Band,2019-07-28,18:30:00,Kingston,NY,56.0,56.0
Fisher,2019-08-03,21:00:00,Brooklyn,NY,N/A,N/A
Chase Atlantic,2019-07-23,20:00:00,New York,NY,N/A,N/A
Gavin DeGraw,2019-08-06,20:00:00,Huntington,NY,24.5,24.5
Air Supply,2019-08-02,20:00:00,Westbury,NY,39.5,39.5
Dierks Bentley: Burning Man 2019,2019-08-01,19:00:00,Darien Center,NY,N/A,N/A
Lionel Richie,2019-07-23,20:00:00,Canandaigua,NY,15.0,15.0
Beck & Cage The Elephant,2019-08-17,17:00:00,Forest Hills ,NY,N/A,N/A
Brad Paisley Tour 2019,2019-07-26,19:30:00,Syracuse,NY,20.0,20.0
Emo Nite La Presents Emo Nite At Webster Hall,2019-07-26,21:00:00,New York,NY,20.0,20.0
Reba McEntire,2019-07-19,20:00:00,Verona,NY,69.5,69.5
Joe Bonamassa,2019-07-30,20:00:00,Bethel,NY,83.5,83.5
Barry Manilow,2019-07-27,20:00:00,New York,NY,99.0,99.0
I PREVAIL: The Trauma Tour,2019-07-23,19:30:00,Huntington,NY,28.0,28.0
Bryce Vine,2019-08-03,20:00:00,New York,NY,25.0,25.0
Barry Manilow,2019-07-30,19:00:00,New York,NY,99.0,99.0
Barry Manilow,2019-08-17,20:00:00,New York,NY,99.0,99.0
Barry Manilow,2019-08-03,20:00:00,New York,NY,99.0,99.0
Snail Mail,2019-08-01,19:00:00,New York,NY,25.0,25.0
Scott Stapp of CREED,2019-07-21,20:00:00,Huntington,NY,N/A,N/A
Barry Manilow,2019-07-31,19:00:00,New York,NY,99.0,99.0
Barry Manilow,2019-07-28,19:00:00,New York,NY,99.0,99.0
Killswitch Engage & Clutch with Special Guest: Cro-Mags JM,2019-07-30,19:00:00,Huntington,NY,40.0,40.0
Joe Bonamassa,2019-07-27,20:00:00,Saratoga Springs,NY,65.0,65.0
Barry Manilow,2019-08-10,20:00:00,New York,NY,99.0,99.0
Barry Manilow,2019-08-06,19:00:00,New York,NY,99.0,99.0
Chris Isaak,2019-07-28,20:00:00,Huntington,NY,39.5,39.5
Barry Manilow,2019-08-02,20:00:00,New York,NY,99.0,99.0
Jon Anderson of Yes,2019-07-26,20:00:00,Staten Island,NY,45.0,45.0
"Nelly, TLC, and Flo Rida",2019-08-01,19:00:00,Wantagh,NY,25.0,25.0
Barry Manilow,2019-08-04,19:00:00,New York,NY,99.0,99.0
Barry Manilow,2019-08-14,19:00:00,New York,NY,99.0,99.0
Barry Manilow,2019-08-07,19:00:00,New York,NY,99.0,99.0
Brad Paisley Tour 2019,2019-07-25,19:30:00,Saratoga Springs,NY,20.0,20.0
Gordon Lightfoot,2019-08-01,20:00:00,Bethel,NY,N/A,N/A
Miss May I with the Word Alive,2019-07-20,18:00:00,New York,NY,18.0,18.0
Barry Manilow,2019-08-13,19:00:00,New York,NY,99.0,99.0
Gordon Lightfoot,2019-08-02,20:00:00,Bethel,NY,N/A,N/A
New Hope Club,2019-07-25,19:00:00,New York,NY,18.5,18.5
Barry Manilow,2019-08-09,20:00:00,New York,NY,99.0,99.0
Hammer's House Party,2019-08-16,19:00:00,Niagara Falls,NY,25.0,25.0
Elvis Costello,2019-07-24,19:00:00,Forest Hills,NY,N/A,N/A
Barry Manilow,2019-08-16,20:00:00,New York,NY,99.0,99.0
Barry Manilow,2019-08-11,19:00:00,New York,NY,99.0,99.0
Scott Stapp of Creed - Presented by 94.3 The Shark,2019-07-25,20:00:00,New York,NY,N/A,N/A
Elle Varner Ellevation Album Release Show,2019-07-19,20:00:00,New York,NY,37.5,37.5
Slash w/ Myles Kennedy,2019-07-31,20:00:00,Port Chester,NY,N/A,N/A
Steve Miller Band,2019-07-28,18:30:00,Kingston,NY,56.0,56.0
Leonid & Friends,2019-07-27,20:00:00,New York,NY,45.0,45.0
August Burns Red w/ Silverstein,2019-08-11,19:00:00,New York,NY,N/A,N/A
Live Nation & AdHoc Present: Summer Salt with Motel Radio,2019-07-24,19:00:00,New York,NY,19.99,19.99
Shaun Cassidy,2019-08-03,20:00:00,Niagara Falls,NY,75.0,75.0
Shaun Cassidy,2019-08-02,20:00:00,Niagara Falls,NY,75.0,75.0
Rob Thomas: Chip Tooth Tour,2019-08-02,20:00:00,Port Chester,NY,N/A,N/A
Lou Gramm and Asia with John Payne,2019-07-26,19:00:00,Middletown,NY,30.0,30.0
The Struts,2019-07-25,17:00:00,Buffalo,NY,N/A,N/A
I PREVAIL: The Trauma Tour,2019-07-22,19:25:00,Clifton Park,NY,N/A,N/A
Corrosion of Conformity,2019-07-27,19:00:00,Syracuse,NY,N/A,N/A
Mac DeMarco,2019-08-06,19:30:00,Brooklyn,NY,N/A,N/A
I Prevail,2019-07-22,19:25:00,Clifton Park,NY,N/A,N/A
Brian Wilson,2019-08-09,20:00:00,Waterloo,NY,N/A,N/A
Lights,2019-07-31,21:15:00,New York,NY,N/A,N/A
Lights,2019-07-31,17:30:00,New York,NY,N/A,N/A
Clutch,2019-08-03,20:00:00,Port Chester,NY,N/A,N/A
Bad Religion,2019-08-06,20:00:00,Rochester,NY,N/A,N/A
The Menzingers,2019-07-21,20:00:00,Woodstock,NY,N/A,N/A
Dark Star Orchestra,2019-07-30,19:00:00,Utica,NY,N/A,N/A
The Menzingers,2019-07-23,20:00:00,Syracuse,NY,N/A,N/A
Three Dog Night,2019-07-28,20:00:00,Westhampton Beach,NY,N/A,N/A
The Struts,2019-07-26,19:30:00,Utica,NY,N/A,N/A
Crown The Empire w/ Attila - The Band,2019-08-06,18:00:00,Syracuse,NY,N/A,N/A
Crown The Empire w/ Attila - The Band,2019-08-10,17:00:00,Poughkeepsie,NY,N/A,N/A
Asia,2019-08-04,20:00:00,Patchogue,NY,N/A,N/A
"The Menzingers, the Sidekicks, Queen of Jeans",2019-07-23,20:00:00,Syracuse,NY,N/A,N/A
"The Menzingers, the Sidekicks, Queen of Jeans",2019-07-24,20:00:00,Buffalo,NY,N/A,N/A
The Menzingers,2019-07-24,20:00:00,Buffalo,NY,N/A,N/A
Dark Star Orchestra,2019-08-02,19:00:00,Rochester,NY,N/A,N/A
The Fab Faux,2019-07-27,19:30:00,Westhampton Beach,NY,N/A,N/A
Uncle Kracker,2019-07-19,20:00:00,Clifton Park,NY,N/A,N/A
Uncle Kracker,2019-07-19,20:00:00,Clifton Park,NY,N/A,N/A
Keane,2019-08-06,19:00:00,New York,NY,N/A,N/A
Squeeze - the Squeeze Songbook Tour - Plus Leon Tilbrook,2019-08-14,20:00:00,Pawling,NY,N/A,N/A
Saturday Night Summer Fever,2019-07-20,19:00:00,Brooklyn,NY,29.5,29.5
Five Finger Death Punch,2019-07-24,19:30:00,Binghamton,NY,49.5,49.5
Reba McEntire,2019-07-18,20:00:00,Verona,NY,69.5,69.5
$UICIDEBOY$ - Grey Day Tour,2019-08-09,18:00:00,Brooklyn,NY,N/A,N/A
Five Finger Death Punch,2019-07-23,18:30:00,Rochester,NY,49.5,49.5
Tim McGraw,2019-08-14,20:00:00,Middletown,NY,59.0,59.0
Rebelution: Good Vibes Summer Tour 2019,2019-08-03,18:00:00,New York,NY,42.5,42.5
Brett Eldredge,2019-07-27,19:00:00,Farmingville,NY,N/A,N/A
"Nelly, TLC, and Flo Rida",2019-08-09,19:00:00,Bethel,NY,36.0,36.0
Keith Urban - 2019 DICK'S Sporting Goods Open,2019-08-16,08:00:00,Endicott,NY,75.0,75.0
"Iration-Live From Paradise! with Pepper, Fortunate Youth and Katastro",2019-07-19,17:30:00,New York,NY,35.0,35.0
Weird Al Yankovic,2019-07-23,19:00:00,Lewiston,NY,N/A,N/A
Kirk Franklin: The Long Live Love Tour,2019-07-28,20:00:00,New York,NY,N/A,N/A
Iron Maiden - Legacy Of The Beast Tour 2019,2019-08-13,19:30:00,Buffalo,NY,N/A,N/A
Weird Al Yankovic,2019-07-20,19:00:00,Forest Hills,NY,N/A,N/A
Iron Maiden - Legacy Of The Beast Tour 2019,2019-08-13,19:30:00,Buffalo,NY,N/A,N/A
Rufus Du Sol,2019-08-10,21:00:00,Brooklyn,NY,N/A,N/A
Incubus,2019-08-06,17:00:00,Buffalo,NY,N/A,N/A
Tim McGraw,2019-08-17,20:00:00,Niagara Falls,NY,55.0,55.0
Beck w/ Cage the Elephant,2019-08-17,17:00:00,Forest Hills,NY,N/A,N/A
Almost Queen,2019-07-18,17:00:00,Rochester,NY,7.0,7.0
The Heart Of Hip Hop,2019-08-01,20:00:00,Brooklyn,NY,25.0,25.0
Rob Thomas: Chip Tooth Tour,2019-08-02,20:00:00,Port Chester,NY,N/A,N/A
Keane,2019-08-06,19:00:00,New York,NY,N/A,N/A
Rob Thomas,2019-08-16,20:00:00,Port Chester,NY,N/A,N/A
Khalid Meet & Greet Upgrade Package (TICKET NOT INCLUDED),2019-07-31,19:30:00,New York,NY,N/A,N/A
Khalid Meet & Greet Upgrade Package (TICKET NOT INCLUDED),2019-08-01,19:30:00,New York,NY,N/A,N/A
Greensky Bluegrass,2019-08-02,18:30:00,New York,NY,35.0,35.0
Flaming Lips,2019-07-30,20:00:00,Port Chester,NY,N/A,N/A
Theory of a Deadman,2019-08-09,17:30:00,Batavia,NY,N/A,N/A
Gin Blossoms,2019-07-19,17:30:00,Batavia,NY,N/A,N/A
Interpol,2019-08-06,19:00:00,Buffalo,NY,N/A,N/A
Flaming Lips w/ The Claypool Lennon Delirium,2019-07-27,18:00:00,Lewiston,NY,N/A,N/A
Chas Cole For CMP Entertainment Presents BRIT FLOYD World Tour 2019,2019-07-25,20:00:00,Huntington,NY,N/A,N/A
UB40 40th Anniversary Tour,2019-08-08,20:00:00,Huntington,NY,24.5,24.5
Great South Bay Music Festival,2019-07-18,N/A,Patchogue,NY,N/A,N/A
VIP Box Seating: Interswitch One Africa Music Fest,2019-08-10,18:00:00,Brooklyn,NY,200.0,200.0
Chris Isaak w/ Marc Broussard,2019-07-30,18:30:00,Lewiston,NY,N/A,N/A
Badfish,2019-08-01,17:00:00,Buffalo,NY,N/A,N/A
Flaming Lips,2019-08-02,19:00:00,Utica,NY,N/A,N/A
Herbie Hancock,2019-08-01,19:30:00,New York,NY,75.0,75.0
Brett Eldredge,2019-07-25,20:00:00,Monticello,NY,55.0,55.0
Crown The Empire - Rage Fest With Attila,2019-08-07,18:00:00,Huntington,NY,20.0,20.0
Rufus Du Sol,2019-08-09,21:00:00,Brooklyn,NY,N/A,N/A
Brit Floyd,2019-07-30,19:30:00,Buffalo,NY,42.5,42.5
Lee Greenwood,2019-08-08,20:00:00,Nichols,NY,20.0,20.0
Tyler Childers - Country Squire Album Release Show,2019-08-05,20:00:00,New York,NY,30.0,30.0
Beres Hammond - Never Ending Tour,2019-08-11,20:00:00,Huntington,NY,29.5,29.5
Spiedie Fest,2019-08-02,18:00:00,Binghamton,NY,15.0,15.0
Crystal Gayle & Lee Greenwood,2019-08-09,20:00:00,Vernon,NY,15.0,15.0
Nelly,2019-08-10,17:00:00,Buffalo,NY,N/A,N/A
"Sal ""The Voice"" Valentinetti - From America's Got Talent",2019-08-18,19:00:00,Huntington,NY,N/A,N/A
Mozzy: Internal Affairs Tour,2019-08-02,20:00:00,New York,NY,18.0,18.0
Gryffin,2019-08-16,21:00:00,Brooklyn,NY,N/A,N/A
An Evening with WAR,2019-07-20,20:00:00,New York,NY,45.0,45.0
Amateur Night At The Apollo,2019-07-24,19:30:00,New York,NY,24.0,24.0
LANCO with Special Guest Chase Bryant,2019-07-20,19:00:00,Salamanca,NY,45.0,45.0
Kool & the Gang,2019-08-16,20:00:00,Yonkers,NY,59.95,59.95
Rufus Du Sol,2019-08-11,21:00:00,Brooklyn,NY,N/A,N/A
Gavin DeGraw,2019-08-08,20:00:00,Port Chester,NY,N/A,N/A
Chase Rice,2019-08-02,19:00:00,Baldwinsville,NY,N/A,N/A
Almost Queen,2019-07-20,20:00:00,Port Chester,NY,N/A,N/A
WAR,2019-07-25,17:00:00,Rochester,NY,7.0,7.0
Amateur Night At The Apollo,2019-07-31,19:30:00,New York,NY,24.0,24.0
Molotov,2019-08-14,20:00:00,New York,NY,45.0,45.0
Almost Queen,2019-07-19,20:00:00,Utica,NY,N/A,N/A
Saranac Presents Queen Tribute - Almost Queen,2019-07-19,20:00:00,Utica,NY,N/A,N/A
Maddie & Tae,2019-08-10,20:00:00,Verona,NY,N/A,N/A
Amateur Night At The Apollo,2019-08-07,19:30:00,New York,NY,24.0,24.0
Amateur Night At The Apollo: Showoff,2019-08-14,19:30:00,New York,NY,24.0,24.0
Capleton,2019-08-15,20:00:00,New York,NY,27.5,27.5
Tanya Tucker,2019-08-02,17:30:00,Batavia,NY,N/A,N/A
My Morning Jacket,2019-08-10,18:30:00,Forest Hills,NY,N/A,N/A
The Regrettes,2019-08-09,21:00:00,Brooklyn,NY,N/A,N/A
Tab Benoit,2019-08-11,19:00:00,Pawling,NY,N/A,N/A
Stephen Marley,2019-07-20,20:00:00,Westhampton Beach,NY,N/A,N/A
Tab Benoit,2019-08-13,19:00:00,Albany,NY,N/A,N/A
Snail Mail,2019-07-31,20:00:00,Brooklyn,NY,N/A,N/A
Lights,2019-07-31,17:30:00,New York,NY,N/A,N/A
Chris Webby - World Wide Web Tour,2019-07-27,20:00:00,Clifton Park,NY,N/A,N/A
Thunderp***y,2019-08-09,20:00:00,Brooklyn,NY,N/A,N/A
Lights,2019-07-31,21:15:00,New York,NY,N/A,N/A
Avi Kaplan,2019-08-14,20:00:00,New York,NY,N/A,N/A
Thievery Corporation w/ Magic City Hippies,2019-08-10,20:00:00,Port Chester,NY,N/A,N/A
Badfish - a Tribute To Sublime with Treehouse! Aboard the Harbor Light,2019-07-26,19:00:00,New York,NY,N/A,N/A
Tab Benoit plus Eric Johanson,2019-08-11,19:00:00,Pawling,NY,N/A,N/A
Tab Benoit Booze Cruise Aboard the Harbor Lights / E 23rd & FDR,2019-08-15,20:00:00,New York,NY,N/A,N/A
Twrp,2019-07-22,20:00:00,Brooklyn,NY,N/A,N/A
Empire State Music & Arts Festival,2019-08-10,18:30:00,Brooklyn,NY,N/A,N/A
Iggy Azalea,2019-07-24,19:00:00,New York,NY,N/A,N/A
Twrp,2019-07-19,20:30:00,Kingston,NY,N/A,N/A
OZY Fest,2019-07-20,N/A,New York,NY,N/A,N/A
Montgomery Gentry,2019-07-26,20:00:00,Bouckville,NY,N/A,N/A
Montgomery Gentry,2019-07-26,20:00:00,Bouckville,NY,N/A,N/A
Smooth Cruise: a Whole New World with Peabo Bryson & Regina Belle,2019-07-31,21:30:00,New York,NY,N/A,N/A
Smooth Cruise: a Whole New World with Peabo Bryson & Regina Belle,2019-07-31,18:30:00,New York,NY,N/A,N/A
ChocQuibTown US Tour,2019-08-10,20:00:00,New York,NY,40.0,40.0
Squeeze,2019-08-14,20:00:00,Pawling,NY,N/A,N/A
Bryan Ferry,2019-08-09,20:00:00,New York,NY,45.5,45.5
Sarah McLachlan,2019-08-06,20:00:00,Canandaigua,NY,28.0,28.0
"SeeYouSpaceCowboy, Poor Choice, Tourniquet, Boundaries, Rain Of Salvation, Migraine",2019-08-07,18:30:00,Amityville,NY,N/A,N/A
"No Eye Has Seen, Second Nature, Emensia, ARC, Charleston Swing",2019-08-03,18:00:00,Amityville,NY,12.0,12.0
"Funk 'n Waffles presents: BARROOM PHILOSOPHERS, BAKED SHRIMP, PHASERS ENGAGE",2019-08-01,20:30:00,Syracuse,NY,10.0,10.0
KMASE presents: OUTCALLS w/s/g Ashley Rose,2019-08-11,18:00:00,Syracuse,NY,7.0,7.0
Lost 80's Live,2019-08-02,19:30:00,Brooklyn,NY,20.0,20.0
Lisa Fischer,2019-08-11,20:00:00,Westhampton Beach,NY,N/A,N/A
Galactic,2019-08-16,20:00:00,Brooklyn,NY,N/A,N/A
Galactic,2019-08-17,20:00:00,Brooklyn,NY,N/A,N/A
Joe Robinson,2019-07-25,18:30:00,New York,NY,N/A,N/A
Kristen Capolino: Mondial V with very special guest Billy Sheehan,2019-07-31,19:00:00,Pawling,NY,N/A,N/A
Funk 'n Waffles presents: CYCLES w/s/g BS & SE,2019-07-20,22:00:00,Syracuse,NY,10.0,10.0
Funk 'n Waffles presents: THE LOVETONES w/s/g Native Harrow,2019-07-23,20:00:00,Syracuse,NY,10.0,10.0
Funk 'n Waffles presents: MAYBIRD w/s/g All Poets and Heros,2019-07-25,21:00:00,Syracuse,NY,10.0,10.0
DANIELLE MARIE'S 21st BDAY PARTY w/s/g Ashley Rose & Pat Tato,2019-08-04,21:00:00,Syracuse,NY,N/A,N/A
"Sarchasm (CA) , Choked Up / Early Riser / Cold Wrecks",2019-08-06,19:00:00,Brooklyn,NY,10.0,10.0
[FREE] BrewFestaFunk Afterparty feat: KRIS LAGER BAND w/s/g All Poets & Heroes,2019-08-10,21:30:00,Syracuse,NY,N/A,N/A
George Thorogood & The Destroyers,2019-07-26,20:00:00,Nichols,NY,40.0,40.0
The Australian Pink Floyd Show - All That You Love World Tour 2019,2019-08-17,20:00:00,Brooklyn,NY,29.5,29.5
HOT TUNA Electric,2019-08-17,20:00:00,Westbury,NY,45.0,45.0
Little Steven & the Disciples of Soul,2019-07-18,20:00:00,Huntington,NY,N/A,N/A
Grease In Concert,2019-07-25,20:00:00,Canandaigua,NY,25.0,25.0
Joyce Manor/Saves The Day,2019-08-16,19:00:00,New York,NY,29.0,29.0
Revolver Presents The 119 Show - An Evening With Lacuna Coil,2019-07-22,19:00:00,New York,NY,26.0,26.0
The Righteous Brothers: Bill Medley & Bucky Heard,2019-08-13,20:00:00,Westbury,NY,39.5,39.5
Ted Nugent,2019-08-10,20:00:00,Huntington,NY,N/A,N/A
Pop 2000 Tour Hosted by Lance Bass of *NSYNC,2019-07-24,20:00:00,Huntington,NY,39.5,39.5
Revolver Presents The 119 Show - An Evening With Lacuna Coil,2019-07-23,19:00:00,New York,NY,24.0,24.0
The Wallflowers,2019-07-31,20:00:00,Huntington,NY,27.5,27.5
Foghat,2019-08-09,20:00:00,Huntington,NY,19.5,19.5
Sarah McLachlan,2019-08-02,19:30:00,Forest Hills,NY,N/A,N/A
Janis Ian and Livingston Taylor,2019-08-15,20:00:00,Westbury,NY,39.5,39.5
Vanessa Da Mata,2019-08-17,20:00:00,New York,NY,49.0,49.0
CEG Presents The Aristocrats w/ Travis Larson Band,2019-08-03,19:00:00,New York,NY,30.0,30.0
Chuck Leavell and his Big Band,2019-08-07,20:30:00,New York,NY,N/A,N/A
"Readjunk.com Presents Radicsfest w. Pilfers, Mephiskapheles and more",2019-07-19,18:00:00,New York,NY,25.0,25.0
David Cook,2019-08-09,19:30:00,New York,NY,27.5,27.5
Bryan Ferry,2019-08-07,20:00:00,Port Chester,NY,N/A,N/A
The Aristocrats,2019-07-26,19:00:00,Buffalo,NY,N/A,N/A
The U.S. Americans,2019-08-15,18:00:00,New York,NY,12.0,12.0
"Blacktop Mojo, LULLWATER, Locust, Death Island",2019-08-07,19:00:00,Poughkeepsie,NY,15.0,15.0
Galactic,2019-08-08,17:00:00,Rochester,NY,7.0,7.0
Sarah McLachlan,2019-07-31,20:00:00,Lewiston,NY,N/A,N/A
Aqueous,2019-08-01,17:00:00,Rochester,NY,7.0,7.0
Dana Fuchs,2019-07-25,19:00:00,Buffalo,NY,N/A,N/A
Diana DeGarmo,2019-08-05,20:00:00,New York,NY,27.5,27.5
The Waifs,2019-08-13,20:00:00,New York,NY,35.0,35.0
Twin XL,2019-07-19,20:00:00,Buffalo,NY,1.07,1.07
A Tribute To Woodstock With The Cny All Stars,2019-08-09,19:30:00,Utica,NY,25.0,25.0
Big Bad Voodoo Daddy,2019-07-26,21:00:00,New York,NY,35.0,35.0
Warren Haynes,2019-07-24,20:00:00,Westhampton Beach,NY,N/A,N/A
Marc Broussard,2019-07-27,20:00:00,New York,NY,N/A,N/A
"Times Like These, I Ignite, Goalkeeper, All Out",2019-07-20,18:00:00,Amityville,NY,10.0,10.0
"Summer Wars, Overgrow,   Fellow Feeling, Sam Pollet",2019-08-01,18:00:00,Amityville,NY,12.0,12.0
"the stone lows, Lower Expectations, McClane, Blue Envy",2019-08-02,21:00:00,Rochester,NY,8.0,8.0
"Taking Meds, Druse, Teenage Halloween, Troubleshooter",2019-08-09,21:00:00,Rochester,NY,8.0,8.0
Marc Broussard,2019-07-28,20:00:00,New York,NY,N/A,N/A
Joan Osborne,2019-07-31,20:00:00,New York,NY,N/A,N/A
Willie Nile,2019-07-27,20:00:00,Pawling,NY,N/A,N/A
Ted Nugent,2019-08-12,20:00:00,North Tonawanda,NY,N/A,N/A
Edgar Winter Band,2019-08-15,20:00:00,New York,NY,N/A,N/A
Warren Haynes,2019-07-25,20:00:00,Westhampton Beach,NY,N/A,N/A
Hot Tuna,2019-08-15,20:00:00,Port Chester,NY,N/A,N/A
Donavon Frankenreiter,2019-08-10,20:00:00,Brooklyn,NY,N/A,N/A
Black Flag,2019-08-15,19:00:00,Poughkeepsie,NY,N/A,N/A
Joyce Manor,2019-08-11,19:30:00,Albany,NY,N/A,N/A
"Alive '75, Never Say Die- the Ultimate Black Sabbath Experience , Dizz",2019-07-20,19:00:00,Poughkeepsie,NY,N/A,N/A
Craig Cardiff,2019-07-20,20:30:00,Syracuse,NY,N/A,N/A
Lespecial W/S/G Buggin' Out,2019-07-19,21:00:00,Syracuse,NY,N/A,N/A
"The Brother K Melee (Ep Release), Gorilla Chief, Bloody Your Hands, Re",2019-07-18,19:30:00,New York,NY,N/A,N/A
"Lost Like Lions, the Demos, Dan Erickson, Eerie Shores",2019-07-19,19:00:00,Buffalo,NY,N/A,N/A
"A/B the Band, At the Ready, Roschambeau, Doctor, Leight Blumer",2019-07-19,19:00:00,New York,NY,N/A,N/A
"Tallah, Guerilla Warfare, Deadrider, Ire Clad",2019-07-21,20:30:00,Syracuse,NY,N/A,N/A
Dave Alvin with Special Guest Cindy Cashdollar and Christy McWilson -,2019-07-18,20:00:00,Pawling,NY,N/A,N/A
The Light VS the Dark: Stephen Phillips + John Harris,2019-07-19,21:00:00,Syracuse,NY,N/A,N/A
Go 90's: the Fresh Kids of Bel-Air with Late Night Set By My2000s W/ T,2019-07-19,23:55:00,New York,NY,N/A,N/A
The High Divers,2019-07-18,21:30:00,New York,NY,N/A,N/A
"Kevin Seconds, Sammy Kay",2019-07-19,20:00:00,Brooklyn,NY,10.0,10.0
"Funk 'n Waffles presents: JOHN KADLECIK BAND (feat. members of FURTHER, PRIMUS, and RATDOG)",2019-07-22,21:00:00,Syracuse,NY,17.0,17.0
The Narcotix with the Molice and Heavy In Pocket,2019-07-24,21:00:00,New York,NY,N/A,N/A
Skolhamm Asylum,2019-07-24,19:00:00,Pawling,NY,N/A,N/A
Savannah King W/S/G Stephen Douglas Wolfe,2019-07-24,20:00:00,Syracuse,NY,N/A,N/A
Caroline Rose - Rocks Off Concert Cruise Aboard the Liberty Belle,2019-07-24,20:00:00,New York,NY,N/A,N/A
"J.J. Grey & Mofro, North Mississippi All Stars",2019-07-13,20:00:00,Bouckville,NY,N/A,N/A
Spookey Ruben,2019-07-25,21:00:00,New York,NY,N/A,N/A
Ryan Rickenbach: Adelaide Release Show,2019-07-25,20:00:00,New York,NY,N/A,N/A
Get Up Kids,2019-07-25,19:30:00,New York,NY,N/A,N/A
Joe Robinson,2019-07-25,18:30:00,New York,NY,N/A,N/A
Jamie N Commons,2019-07-25,21:00:00,New York,NY,N/A,N/A
Melanie,2019-07-26,20:00:00,Pawling,NY,N/A,N/A
Ackerman and Cyberattack Dual Video Release Show with So Totally and M,2019-07-26,19:30:00,New York,NY,N/A,N/A
Live Band Karaoke: Emo + Punk + Pop Punk Edition,2019-07-26,22:00:00,Buffalo,NY,N/A,N/A
"Paradise Alley, Full House",2019-07-26,17:00:00,Amityville,NY,N/A,N/A
Kodaline,2019-07-26,20:00:00,Clifton Park,NY,N/A,N/A
Go 90's: the Fresh Kids of Bel-Air with Late Night Set By My2000s W/ T,2019-07-26,23:55:00,New York,NY,N/A,N/A
The Cosmic Coronas,2019-07-26,19:30:00,New York,NY,N/A,N/A
Willie Nile,2019-07-27,20:00:00,Pawling,NY,N/A,N/A
"Oh He Dead, Old_sport, Kill Me",2019-07-27,19:30:00,New York,NY,N/A,N/A
46th Anniversary of Watkins Glen Summer Jam Ft. the Music of the Grate,2019-07-27,20:00:00,New York,NY,N/A,N/A
46th Anniversary of Watkins Glen Summer Jam Ft. the Music of the Grate,2019-07-27,20:00:00,New York,NY,N/A,N/A
Rocks Off & Space Bacon Present: Space Ship,2019-07-27,19:00:00,New York,NY,N/A,N/A
"The Iron Maidens-The World's Only All Female Tribute To Iron Maiden, I",2019-07-27,19:00:00,Poughkeepsie,NY,N/A,N/A
Tipling Rock,2019-07-27,20:30:00,New York,NY,N/A,N/A
"Talas, Livesay",2019-07-28,18:30:00,Poughkeepsie,NY,N/A,N/A
School of Rock All Stars,2019-07-28,19:00:00,Brooklyn,NY,N/A,N/A
[Free Funk Sundays] featuring Jaden Carlson Band,2019-07-28,21:00:00,Syracuse,NY,N/A,N/A
The Jason Gisser Band,2019-07-28,19:00:00,Pawling,NY,10.0,10.0
Pearly Baker's Best,2019-07-29,20:30:00,Syracuse,NY,N/A,N/A
"Joe Marcinek W/ Alan Evans (Soulive), Steve Molitz (Particle) and Free",2019-07-30,21:00:00,Syracuse,NY,N/A,N/A
Chris Isaak -  Meet & Greet Packages,2019-07-30,18:30:00,Lewiston,NY,N/A,N/A
Paradise Fears,2019-07-30,18:30:00,New York,NY,N/A,N/A
"Songs of Diane Gentile with Special Guests, and Don Dilego & the Touri",2019-07-31,19:30:00,New York,NY,N/A,N/A
"MTV and Live Nation Present: MTV Push Live with Morgxn, Willa Amai, De",2019-07-31,20:00:00,New York,NY,N/A,N/A
Stick Men,2019-07-31,20:00:00,New York,NY,N/A,N/A
Balkun Brothers W/S/G BSG,2019-08-01,21:00:00,Syracuse,NY,N/A,N/A
"Her Majesty , Private Siren , David Milone",2019-08-01,19:30:00,New York,NY,N/A,N/A
The Aristocrats Plus Travis Larson Band,2019-08-04,19:00:00,Pawling,NY,N/A,N/A
The Lawrence Arms,2019-08-05,20:00:00,Buffalo,NY,N/A,N/A
Pearly Baker's Best W/S/G Emanuel Washington From Sophistafunk,2019-08-05,20:30:00,Syracuse,NY,N/A,N/A
Tom Walker,2019-08-05,19:00:00,New York,NY,N/A,N/A
Stick Men,2019-08-06,20:00:00,Rochester,NY,N/A,N/A
"Astronots, Car Astor",2019-08-06,21:15:00,New York,NY,N/A,N/A
Hibou,2019-08-06,21:30:00,New York,NY,N/A,N/A
Tim Ries Sextet,2019-08-06,19:30:00,New York,NY,30.0,30.0
Tim Ries Sextet,2019-08-06,21:30:00,New York,NY,30.0,30.0
"Glamglare Presents: Cecilie Maria, Bunny X, Beverly Girl, Late Guest a",2019-08-07,18:30:00,New York,NY,N/A,N/A
Deltaphonic & Annie In the Water,2019-08-07,20:00:00,Syracuse,NY,N/A,N/A
Stick Men featuring Members of King Crimson: Tony Levin and Pat Mastel,2019-08-07,19:00:00,Pawling,NY,N/A,N/A
Andy Suzuki & the Method,2019-08-07,18:30:00,New York,NY,N/A,N/A
The Rolling Stones Project featuring Bernard Fowler and Tim Ries,2019-08-07,19:30:00,New York,NY,30.0,30.0
The Rolling Stones Project featuring Bernard Fowler and Tim Ries,2019-08-07,21:30:00,New York,NY,30.0,30.0
Bourgeois Mystics,2019-08-08,19:30:00,Brooklyn,NY,N/A,N/A
The Steepwater Band,2019-08-08,21:00:00,Syracuse,NY,N/A,N/A
"The Veldt , Haunted Horses Nyc, the 1865",2019-08-08,19:30:00,New York,NY,N/A,N/A
"Hank Von Hell (Turbonegro), Spiders, Mick's Jaguar",2019-08-08,19:00:00,Brooklyn,NY,N/A,N/A
"Legendary Shack Shakers, JD Pinkus",2019-08-08,20:00:00,Brooklyn,NY,N/A,N/A
"Scathed, Fluse, Reggie Childs, Muddle",2019-08-09,18:30:00,Buffalo,NY,N/A,N/A
Go 90's: the Fresh Kids of Bel-Air with Late Night Set By My2000s W/ T,2019-08-09,23:55:00,New York,NY,N/A,N/A
Anthony Raneri,2019-08-09,19:30:00,New York,NY,N/A,N/A
Yeek,2019-08-09,20:00:00,New York,NY,N/A,N/A
Austin Lucas W/S/G Harmonic Dirt,2019-08-10,21:00:00,Syracuse,NY,N/A,N/A
David Cook,2019-08-10,20:00:00,Pawling,NY,N/A,N/A
We May Be Right: an 80's Tribute To Billy Joel,2019-08-11,13:00:00,New York,NY,N/A,N/A
Pearly Baker's Best,2019-08-12,20:30:00,Syracuse,NY,N/A,N/A
Jazz Is PHSH: an All-Star Tribute To Phish / Aboard the Cosmo - 23rd S,2019-08-14,20:00:00,New York,NY,N/A,N/A
Davy Knowles with Special Guest Francis Aud & the Professionals,2019-08-14,19:30:00,New York,NY,N/A,N/A
Avi Kaplan,2019-08-14,20:00:00,New York,NY,N/A,N/A
"Preachervan, Night Spins",2019-08-15,19:30:00,New York,NY,N/A,N/A
Edgar Winter,2019-08-15,20:00:00,New York,NY,N/A,N/A
Mabel,2019-08-15,19:30:00,New York,NY,N/A,N/A
Live Band Karaoke: Emo + Punk + Pop Punk Edition,2019-08-16,22:00:00,Buffalo,NY,N/A,N/A
Go 90's: the Fresh Kids of Bel-Air with Late Night Set By My2000s W/ T,2019-08-16,23:55:00,New York,NY,N/A,N/A
The Distillers,2019-08-16,20:00:00,Clifton Park,NY,N/A,N/A
"Early Elton Trio featuring Jeff Kazee, John Conte and Rich Pagano Perf",2019-08-17,20:00:00,Pawling,NY,N/A,N/A
Bardo Pond,2019-08-17,22:30:00,New York,NY,N/A,N/A
"Liliac, BedRock , Postscript, Dizzy Parker",2019-08-18,18:00:00,Poughkeepsie,NY,15.0,15.0
Willie Nile,2019-07-27,20:00:00,Pawling,NY,N/A,N/A
Ted Nugent,2019-08-12,20:00:00,North Tonawanda,NY,N/A,N/A
Black Flag,2019-08-15,19:00:00,Poughkeepsie,NY,N/A,N/A
Corrosion of Conformity,2019-07-27,19:00:00,Syracuse,NY,N/A,N/A
Donavon Frankenreiter,2019-08-10,20:00:00,Brooklyn,NY,N/A,N/A
Warren Haynes,2019-07-24,20:00:00,Westhampton Beach,NY,N/A,N/A
Hot Tuna,2019-08-15,20:00:00,Port Chester,NY,N/A,N/A
Joyce Manor,2019-08-11,19:30:00,Albany,NY,N/A,N/A
Joyce Manor,2019-08-15,19:00:00,Amityville,NY,N/A,N/A
Edgar Winter Band,2019-08-15,20:00:00,New York,NY,N/A,N/A
Marc Broussard,2019-07-28,20:00:00,New York,NY,N/A,N/A
Warren Haynes,2019-07-25,20:00:00,Westhampton Beach,NY,N/A,N/A
Fade To Black (Tribute To Metalica) W/S/G BSG & Neglected Foot,2019-07-18,20:00:00,Syracuse,NY,N/A,N/A
Uncle Kracker,2019-07-19,20:00:00,Clifton Park,NY,N/A,N/A
Electric Six,2019-07-18,20:00:00,New York,NY,N/A,N/A
"Tigerman with Zr. King, Cat Dail and Big Sip",2019-07-20,19:00:00,New York,NY,N/A,N/A
Uncle Kracker,2019-07-19,20:00:00,Clifton Park,NY,N/A,N/A
Dave Harrington,2019-07-19,20:00:00,New York,NY,N/A,N/A
Black Midi,2019-07-18,20:00:00,New York,NY,N/A,N/A
Mooney Suzuki,2019-07-20,19:30:00,New York,NY,N/A,N/A
Mooney Suzuki,2019-07-19,19:30:00,New York,NY,N/A,N/A
Fleetwood Mac tribute-Fleetwood Macked  special birthday celebration for Hillary at The Loft,2019-07-19,20:00:00,New York,NY,20.0,20.0
Funk 'n Waffles presents: PHILADELPHIA FREEDOM: A Tribute to ELTON JOHN,2019-07-18,21:00:00,Syracuse,NY,10.0,10.0
Slide It In (Whitesnake Tribute),2019-07-20,20:00:00,Wantagh,NY,12.0,12.0
Taz Niederauer Band,2019-07-22,20:00:00,New York,NY,N/A,N/A
Taz Niederauer Band,2019-07-23,20:00:00,New York,NY,N/A,N/A
Icon for Hire,2019-07-23,18:30:00,New York,NY,N/A,N/A
Between the Buried and Me,2019-07-24,19:00:00,Clifton Park,NY,N/A,N/A
Illiterate Light,2019-07-24,18:30:00,New York,NY,N/A,N/A
Suburbs,2019-07-24,21:00:00,New York,NY,N/A,N/A
flipturn,2019-07-25,21:00:00,Syracuse,NY,N/A,N/A
"Dying Fetus, Circuit of Suns, Without Remorse, Vomit Forth",2019-07-25,19:00:00,Amityville,NY,N/A,N/A
Corrosion of Conformity,2019-07-26,19:00:00,Poughkeepsie,NY,N/A,N/A
Sebadoh,2019-07-26,20:00:00,New York,NY,N/A,N/A
"A Phish Tribute with Uncle Ebenezer, plus Artists presented by PhanArt",2019-07-26,19:00:00,New York,NY,30.0,30.0
Strictly Sinatra-a tribute to FRANK SINATRA starring Michael Dutra,2019-07-26,18:00:00,New York,NY,20.0,20.0
The Avengers,2019-07-27,19:00:00,Brooklyn,NY,N/A,N/A
Acoustic Brunch: Cornbread Jam,2019-07-27,12:00:00,Pawling,NY,N/A,N/A
Chloe Moriondo,2019-07-27,18:00:00,New York,NY,N/A,N/A
Viagra Boys,2019-07-28,20:00:00,New York,NY,N/A,N/A
The Faint,2019-07-29,19:00:00,New York,NY,N/A,N/A
The Faint,2019-07-30,19:00:00,New York,NY,N/A,N/A
Gymshorts,2019-08-01,21:00:00,New York,NY,N/A,N/A
3TEETH,2019-08-01,19:00:00,New York,NY,N/A,N/A
"Meyru, Common Ground, SCR, Afternoon Men",2019-08-02,19:00:00,New York,NY,N/A,N/A
Emo Night Brooklyn,2019-08-02,23:00:00,Amityville,NY,N/A,N/A
"The Dollyrots, the Pink Spiders, Palmyra Delran",2019-08-03,20:00:00,New York,NY,N/A,N/A
Ryan Montbleau Band,2019-08-03,20:00:00,Bouckville,NY,N/A,N/A
Faster P***ycat,2019-08-03,19:00:00,Poughkeepsie,NY,N/A,N/A
Peter Murphy,2019-08-05,19:00:00,New York,NY,N/A,N/A
Howie Day Plus Frank Viele,2019-08-08,20:00:00,Pawling,NY,N/A,N/A
Control Top,2019-08-08,21:30:00,New York,NY,N/A,N/A
Edgar Winter Band,2019-08-09,20:00:00,Pawling,NY,N/A,N/A
K-Rock The 90s,2019-08-09,22:00:00,Wantagh,NY,10.0,10.0
Funk 'n Waffles presents: ADAM EZRA GROUP,2019-08-09,20:00:00,Syracuse,NY,15.0,15.0
The Emo Band - YOU’RE SO LAST SUMMER TOUR - Live Band Emo & Pop Punk Karaoke Party!,2019-08-10,23:55:00,Brooklyn,NY,N/A,N/A
"Black Flag, the Linecutters",2019-08-12,19:00:00,Brooklyn,NY,N/A,N/A
Black Flag,2019-08-12,19:00:00,Brooklyn,NY,N/A,N/A
"Black Flag, Line Cutters",2019-08-15,19:00:00,Poughkeepsie,NY,N/A,N/A
Mutual Benefit,2019-08-15,18:30:00,New York,NY,N/A,N/A
Mutual Benefit,2019-08-15,18:30:00,New York,NY,N/A,N/A
Peter Murphy,2019-08-16,18:30:00,New York,NY,N/A,N/A
"Slaughter Beach, Dog",2019-08-17,20:00:00,New York,NY,N/A,N/A
Queen Flash,2019-08-17,19:00:00,Poughkeepsie,NY,25.0,25.0
Peter Murphy,2019-08-18,19:00:00,New York,NY,N/A,N/A
Funk 'n Waffles presents: JAKE ALLEN w/s/g Hannah Strickland & Annabelle Lord-Patey,2019-07-21,19:00:00,Syracuse,NY,10.0,10.0
Between The Buried and Me with special guests The Contortionist and Nick Johnston,2019-07-24,19:00:00,Clifton Park,NY,N/A,N/A
"Off with Their Heads, Single Mothers, Carpool",2019-08-10,21:00:00,Rochester,NY,N/A,N/A
"Pennants, Yolanda and The Thieves, Stray Hounds, doob",2019-08-02,19:00:00,Brooklyn,NY,10.0,10.0
"HOT 97 WHO'S NEXT LIVE! Ft. Iyla, Rexx Life Raj, ODIE, Nef The Pharoah and King Ceazar With Music By  DJ Juanyto and  DJ Drewski",2019-07-29,20:00:00,New York,NY,16.0,16.0
"Lucid, Krish, Jovian, Corteez, Kash, Siickmiind , Vennessy, Daniel Louis",2019-08-04,18:30:00,Brooklyn,NY,15.0,15.0
"ALL OUT WAR, Internal Bleeding, In Cold Blood , Eternal Sleep, Outer Heaven, Heavens Die, Sickbay",2019-08-02,18:30:00,Poughkeepsie,NY,20.0,20.0
"Rival Town, The EverAfter, Radiate, This Crooked Home, Staleworth, Like Engines",2019-08-10,18:00:00,Amityville,NY,12.0,12.0
"Stunna 4 Vegas, Blacc Zacc, Retrol$Awesome, D-$tone, Mikey Polo",2019-07-22,20:00:00,Brooklyn,NY,20.0,20.0
AFROPUNK Battle of the Bands: Night One,2019-07-24,20:00:00,Brooklyn,NY,5.0,5.0
Fear The Riff Afterparty with,2019-08-10,19:00:00,Brooklyn,NY,10.0,10.0
"Rival Town , The Everafter, Radiate, Benchmark, No Momentum",2019-08-11,17:00:00,Poughkeepsie,NY,10.0,10.0
"Smooth Cruise: CD 101.9 Reunion featuring Special EFX All Stars: Chieli Minucci​, Regina Carter, Eric Marienthal, Gerald Veasley & Lao Tizer",2019-08-14,21:30:00,New York,NY,35.0,35.0
LSDIVISIONS presents Rose Garden,2019-08-17,18:30:00,Brooklyn,NY,15.0,15.0
"Schools Out (Alice Cooper Trib), Tax Evasion , Order of Perplexity, The Beacon River Dogs",2019-07-19,19:00:00,Poughkeepsie,NY,10.0,10.0
"Official Shambhala Pre-Party w/ Smalltown DJs, Rumpus, Full Force & H<3art Beats Presents",2019-07-20,23:55:00,Brooklyn,NY,20.0,20.0
"Vlaastima, The Mantle, Brode - DeBlase - Shea, Double Mint Dragon",2019-07-20,19:00:00,Brooklyn,NY,10.0,10.0
"Shirt Club, Blood Lake, Erotica, Jarvis Probes",2019-07-21,19:00:00,Amityville,NY,10.0,10.0
"Exit Wounds, Home Seeker, Astral Cadence, Variations",2019-07-19,19:00:00,Poughkeepsie,NY,10.0,10.0
Cocotaso!! w/ Los Sabrosos De La Bachata & Bachata Lesson By Brian El Matatan & Andrea Ude & Live Dance Performances By Piel Canela Pro,2019-07-27,18:00:00,New York,NY,15.0,15.0
"The Sidekicks, Queen Of Jeans, Victory Garden, Innerlove.",2019-07-27,19:00:00,Amityville,NY,12.0,12.0
"The Perceptagons, Pan Arcadia, Sofia D'Angelo, Fashion Tory",2019-07-31,19:30:00,Brooklyn,NY,10.0,10.0
Nappi Hour Ft. Music By DJ Olo and Mike Orie With Special Performance by Justo Ontario,2019-08-02,23:00:00,New York,NY,10.0,10.0
"PAINTED YOUNG, CUE THE PILOT, NO COINCIDENCE, At Second Glance",2019-08-04,16:30:00,Amityville,NY,N/A,N/A
La Zenda Norteña - Fortaleza del Sur | Conjunto Dinámico,2019-08-04,22:00:00,New York,NY,35.0,35.0
"American Fever, The Poynt , The Living Strange , Melissa & the Mannequins",2019-08-06,20:00:00,Brooklyn,NY,8.0,8.0
"Thunderstruck: America's AC/DC Tribute , Rebel Souls ( Bad Company trib), Spitfire, Midnight Train",2019-08-09,19:00:00,Poughkeepsie,NY,15.0,15.0
CJ Ramone,2019-08-10,19:30:00,New York,NY,15.0,15.0
"Smooth Cruise: CD 101.9 Reunion featuring Special EFX All Stars: Chieli Minucci​, Regina Carter, Eric Marienthal, Gerald Veasley & Lao Tizer",2019-08-14,18:30:00,New York,NY,45.0,45.0
Onesie // Forevers // Taylor Kelly (album release) // Full Body,2019-08-17,21:00:00,Rochester,NY,8.0,8.0
"Lumerians, CD-Rom",2019-07-26,22:00:00,Rochester,NY,8.0,8.0
80's VS 90's Party w/ STIFLER'S MOM-the Ultimate 90's Experience  + DJ Sally Jesse Raphael spinning all the 80's Hits you know and love!,2019-07-26,21:30:00,New York,NY,15.0,15.0
"Smooth Cruise: Summer Soul Jam with Blue Magic, Heatwave & The Blue Notes",2019-08-07,21:30:00,New York,NY,35.0,35.0
"Smooth Cruise: Summer Soul Jam with Blue Magic, Heatwave & The Blue Notes",2019-08-07,18:30:00,New York,NY,45.0,45.0
The Mariguanas with  Farceurs ,2019-08-16,19:00:00,New York,NY,N/A,N/A
"Temple of Angels, Teen Body, Clone",2019-07-19,20:00:00,Brooklyn,NY,12.0,12.0
Colombian Independance - Camilo | Aneudy | Cali Flow,2019-07-20,22:00:00,New York,NY,N/A,N/A
Colombian Independence Day Fiesta Ft. Binomio De Oro The University of Vallenato,2019-07-20,21:00:00,New York,NY,38.0,38.0
"Eli Shane, Melissa Diers, Anna Shane",2019-07-24,18:00:00,Amityville,NY,N/A,N/A
Cowboy Mouth Booze Cruise with sp. guest Shawn Spencer,2019-07-24,20:00:00,New York,NY,45.0,45.0
"Funk 'n Waffles presents: VAPOREYES, SOLAR CIRCUIT, ASTRO COLLECTIVE",2019-07-27,20:00:00,Syracuse,NY,10.0,10.0
"You Bred Raptors?, Super MadNES, Cheap Dinosaurs",2019-07-28,19:00:00,Brooklyn,NY,10.0,10.0
"Domini Monroe, Jay Colins, Bria Lee",2019-07-30,20:00:00,Brooklyn,NY,15.0,15.0
"Zoume, VRSTY, Autumn Estate",2019-08-01,18:30:00,Poughkeepsie,NY,12.0,12.0
Brutal by Design presents: EXOTICZ hosted by EMan,2019-08-06,19:00:00,Syracuse,NY,5.0,5.0
"Toby Driver, Otay:Onii, a&h",2019-08-07,19:00:00,Brooklyn,NY,10.0,10.0
El Gran Combo & Binomio de Oro - Celebrando la Independencia de Colombia,2019-07-19,22:00:00,New York,NY,38.0,38.0
MajorStage Presents: Cor Cash,2019-07-22,20:00:00,New York,NY,15.0,15.0
MajorStage Presents: BYHAZE,2019-07-22,21:00:00,New York,NY,15.0,15.0
Toy Records NYC x Astral P presents Toy Bop,2019-07-23,21:00:00,Brooklyn,NY,15.0,15.0
Funk 'n Waffles presents: CHARLIE LINDNER TRIO + VINYL ORANGE OTTOMAN,2019-07-26,21:30:00,Syracuse,NY,10.0,10.0
Funk 'n Waffles presents: MICK FURY w/s/g Corey Paige,2019-07-26,17:30:00,Syracuse,NY,N/A,N/A
"Directamente de La Voz Senior | Lupillo Rivera, además Banda La Grande",2019-07-28,22:00:00,New York,NY,35.0,35.0
MajorStage  Presents: King Kogen,2019-07-30,22:00:00,New York,NY,15.0,15.0
MajorStage Presents: Wizurd Kellz,2019-07-30,20:00:00,New York,NY,15.0,15.0
MajorStage Presents: Dante Hawkins,2019-07-31,20:00:00,New York,NY,15.0,15.0
MajorStage Presents: Shokanni,2019-07-31,21:00:00,New York,NY,15.0,15.0
Rebirth Brass Band Booze Cruise,2019-07-31,20:00:00,New York,NY,45.0,45.0
Ghost-Note with Thumpasaurus,2019-08-01,20:00:00,Brooklyn,NY,15.0,15.0
"Shwayze, Smokey Lymon",2019-08-01,20:00:00,Brooklyn,NY,20.0,20.0
Funk 'n Waffles presents: FLUX CAPACITOR w/s/g Jordan Ramirez and the Tribe,2019-08-02,21:00:00,Syracuse,NY,7.0,7.0
Jamaican Independence Day with Culture,2019-08-06,21:00:00,New York,NY,20.0,20.0
Too Many Zooz with  LuSiD (Live),2019-08-07,20:00:00,New York,NY,22.0,22.0
Funk 'n Waffles presents: THE MUCKERS w/s/g MiZ,2019-08-08,21:00:00,Syracuse,NY,5.0,5.0
A Caribbean Hip Hop Celebration Starring  Lou Fresco,2019-08-09,20:00:00,New York,NY,20.0,20.0
LRMG presents: Brownskin Band w/s/g Odd Abilities,2019-08-13,19:00:00,Syracuse,NY,5.0,5.0
Brutal by Design presents: APATHY + CELPH TITLED,2019-08-14,20:00:00,Syracuse,NY,15.0,15.0
"LEViTΔTE , Black Carl!  ",2019-08-16,21:00:00,Rochester,NY,15.0,15.0
Funk 'n Waffles presents: NINA'S BREW TRIO + TWO HOUR DELAY,2019-08-17,21:00:00,Syracuse,NY,10.0,10.0
"5678's, Metalleg",2019-08-18,19:00:00,Brooklyn,NY,22.5,22.5
The Elvis Tribute Artist Spectacular,2019-08-16,20:00:00,Westbury,NY,19.77,19.77
Pinknic,2019-07-19,15:00:00,New York,NY,N/A,N/A
Guster,2019-08-08,18:00:00,New York,NY,N/A,N/A
Paradise Fears,2019-07-30,18:30:00,New York,NY,N/A,N/A
The Faint,2019-07-30,19:00:00,New York,NY,N/A,N/A
Will Butler,2019-07-20,21:00:00,Brooklyn,NY,N/A,N/A
Long Beach Dub All-Stars w/ The Aggrolites,2019-07-27,20:00:00,Brooklyn,NY,N/A,N/A
Arkells,2019-08-02,17:00:00,Buffalo,NY,N/A,N/A
Get Up Kids,2019-07-25,19:30:00,New York,NY,N/A,N/A
Mooney Suzuki,2019-07-19,19:30:00,New York,NY,N/A,N/A
Eaglemania,2019-07-20,20:00:00,Tarrytown,NY,N/A,N/A
Get Up Kids,2019-07-26,20:30:00,Brooklyn,NY,N/A,N/A
Andrew Belle,2019-08-03,20:00:00,New York,NY,N/A,N/A
The Faint,2019-07-29,19:00:00,New York,NY,N/A,N/A
Icon for Hire,2019-07-23,18:30:00,New York,NY,N/A,N/A
Fruit Bats,2019-07-27,21:00:00,Brooklyn,NY,N/A,N/A
Mooney Suzuki,2019-07-20,19:30:00,New York,NY,N/A,N/A
Mutual Benefit,2019-08-15,18:30:00,New York,NY,N/A,N/A
Rickie Lee Jones,2019-08-17,20:00:00,Riverhead,NY,N/A,N/A
Howie Day,2019-08-08,20:00:00,Pawling,NY,N/A,N/A
Andy Frasco,2019-07-25,21:00:00,Buffalo,NY,N/A,N/A
Kodaline,2019-07-26,20:00:00,Clifton Park,NY,N/A,N/A
Half Step (Grateful Dead Tribute),2019-07-26,20:00:00,Wantagh,NY,12.0,12.0
The Distillers,2019-08-16,20:00:00,Clifton Park,NY,N/A,N/A
G Love & Special Sauce,2019-08-16,20:00:00,Pawling,NY,N/A,N/A
Soulive,2019-07-20,21:00:00,Brooklyn,NY,N/A,N/A
MNDSGN,2019-08-02,18:00:00,Brooklyn,NY,N/A,N/A
"Meyru, Common Ground, SCR, Afternoon Men",2019-08-02,19:00:00,New York,NY,N/A,N/A
Chemical Brothers w/ Charlotte de Witte,2019-08-01,18:30:00,Forest Hills,NY,N/A,N/A
"Sal ""The Voice"" Valentinetti - From America's Got Talent",2019-08-18,19:00:00,Huntington,NY,N/A,N/A
"Corrosion of Conformity, Crowbar, Quaker City Night Hawks, Lo-Pan",2019-07-26,18:30:00,Poughkeepsie,NY,N/A,N/A
Mike DelGuidice & Big Shot Celebrating the Music Of Billy Joel,2019-07-20,20:00:00,Huntington,NY,20.0,20.0
Broadway Rising Stars,2019-07-22,20:00:00,New York,NY,27.0,27.0
Back To The Eighties with Jessie's Girl,2019-07-26,20:00:00,Huntington,NY,N/A,N/A
Diet Starts Tomorrow Live w/ Jordan Syatt & Tracy Lockwood Beckerman,2019-07-31,19:00:00,New York,NY,25.0,25.0
Willow Smith,2019-07-30,20:00:00,Brooklyn,NY,N/A,N/A
The Marias,2019-07-20,20:00:00,New York,NY,N/A,N/A
Great South Bay Music Festival,2019-07-19,15:00:00,Patchogue,NY,N/A,N/A
The Dangerous Summer,2019-07-21,19:30:00,New York,NY,N/A,N/A
Tuxedo,2019-08-06,19:00:00,New York,NY,25.0,25.0
What So Not,2019-08-17,20:00:00,New York,NY,25.0,25.0
Tributes To U2 & Coldplay: Featuring Unforgettable Fire & Fix You,2019-08-16,20:00:00,Huntington,NY,N/A,N/A
Mark Wills,2019-07-18,20:00:00,Niagara Falls,NY,45.0,45.0
The Highwaymen Live: A Musical Tribute,2019-07-20,20:00:00,Niagara Falls,NY,45.0,45.0
Thunderstuck: America's AC/DC,2019-08-10,20:00:00,Buffalo,NY,20.0,20.0
The Bbc Band,2019-08-16,19:30:00,Buffalo,NY,33.0,33.0
The Wailers' Julian Junior Marvin,2019-08-17,20:00:00,Huntington,NY,20.0,20.0
Keiko Matsui w/ special guest Randy Brecker,2019-08-10,20:00:00,New York,NY,35.0,35.0
Lukas Nelson and Promise of the Real with Shooter Jennings,2019-07-24,19:00:00,Middletown,NY,30.0,30.0
Tessa Violet,2019-08-13,19:00:00,Brooklyn,NY,N/A,N/A
Vivian Green with Kool DJ Red Alert,2019-08-07,20:00:00,New York,NY,39.5,39.5
ABBA: The Concert,2019-08-03,20:00:00,Westhampton Beach,NY,N/A,N/A
Villalobos Brothers,2019-07-23,20:00:00,Brooklyn,NY,N/A,N/A
Kurt Vile & The Violators,2019-07-31,19:00:00,Buffalo,NY,N/A,N/A
Herb Alpert w/ Lani Hall,2019-08-02,20:00:00,Westhampton Beach,NY,N/A,N/A
Green Velvet,2019-07-19,20:00:00,Brooklyn,NY,N/A,N/A
Rael - The Music of Genesis,2019-07-19,19:00:00,New York,NY,N/A,N/A
Mindi Abair & The Boneshakers - Album Release Show,2019-07-24,20:00:00,New York,NY,25.0,25.0
Harlem Gospel Choir - Sunday Gospel Brunch - All You Can Eat Buffet,2019-07-21,13:30:00,New York,NY,49.0,49.0
Nilufer Yanya,2019-07-23,20:30:00,Brooklyn,NY,N/A,N/A
The Magician,2019-07-20,18:00:00,New York,NY,N/A,N/A
Altin Gun,2019-07-24,21:00:00,Brooklyn,NY,N/A,N/A
Luis Vargas & Fefita La Grande,2019-07-28,18:30:00,New York,NY,50.0,50.0
Albert Cummings,2019-08-01,19:00:00,Buffalo,NY,N/A,N/A
Jody Watley,2019-08-16,20:00:00,New York,NY,45.0,45.0
Premium Box Seats: Thomas Rhett,2019-07-19,19:00:00,Darien Center,NY,100.0,100.0
Low Cut Connie,2019-08-04,20:00:00,Ithaca,NY,N/A,N/A
Hi-Rez,2019-08-03,22:30:00,New York,NY,N/A,N/A
Clare Bowen,2019-07-29,20:00:00,New York,NY,N/A,N/A
Snail Mail,2019-07-31,20:00:00,Brooklyn,NY,N/A,N/A
The Magician,2019-07-26,22:30:00,New York,NY,N/A,N/A
Brandon Niederauer,2019-07-22,20:00:00,New York,NY,N/A,N/A
Skolhamm Asylum,2019-07-20,20:00:00,New York,NY,N/A,N/A
Kenny Wayne Shepherd,2019-07-26,17:30:00,Batavia,NY,N/A,N/A
Great South Bay Music Festival,2019-07-20,13:00:00,Patchogue,NY,N/A,N/A
The Regrettes,2019-08-09,21:00:00,Brooklyn,NY,N/A,N/A
Great South Bay Music Festival,2019-07-21,13:30:00,Patchogue,NY,N/A,N/A
The Magician,2019-07-27,18:00:00,New York,NY,N/A,N/A
Harlem Gospel Choir - Sunday Gospel Brunch - All You Can Eat Buffet,2019-07-28,13:30:00,New York,NY,49.0,49.0
Fairchild Blues Tribute - A Tribute to The Blues Brothers,2019-07-27,20:00:00,Niagara Falls,NY,45.0,45.0
Capleton,2019-08-16,19:30:00,Poughkeepsie,NY,N/A,N/A
Zakk Sabbath,2019-08-16,21:00:00,Brooklyn,NY,N/A,N/A
Mabel,2019-08-15,19:30:00,New York,NY,N/A,N/A
"Slaughter Beach, Dog",2019-08-17,20:00:00,New York,NY,N/A,N/A
Harlem Gospel Choir - Sunday Gospel Brunch - All You Can Eat Buffet,2019-08-04,13:30:00,New York,NY,49.0,49.0
Bush Tetras,2019-08-03,19:00:00,New York,NY,N/A,N/A
Sasha w/ John Digweed,2019-07-26,22:00:00,Brooklyn,NY,N/A,N/A
The Magician,2019-07-27,21:30:00,New York,NY,N/A,N/A
Thievery Corporation w/ Magic City Hippies,2019-08-10,20:00:00,Port Chester,NY,N/A,N/A
Taj Mahal,2019-07-23,20:00:00,New York,NY,N/A,N/A
Soulive,2019-07-19,20:30:00,Brooklyn,NY,N/A,N/A
The High Kings,2019-07-25,19:00:00,New York,NY,N/A,N/A
Dave Alvin,2019-07-21,20:00:00,New York,NY,N/A,N/A
Dave Harrington,2019-07-19,20:00:00,New York,NY,N/A,N/A
Fujiya & Miyagi,2019-07-19,19:00:00,Brooklyn,NY,N/A,N/A
Black Pumas,2019-07-29,18:30:00,New York,NY,N/A,N/A
Harlem Gospel Choir - Sunday Gospel Brunch - All You Can Eat Buffet,2019-08-11,13:30:00,New York,NY,49.0,49.0
Carvin Jones Band,2019-07-27,20:00:00,New Yrok,NY,N/A,N/A
The Iron Maidens,2019-07-27,19:00:00,Poughkeepsie,NY,N/A,N/A
Eric Steckel,2019-08-06,20:00:00,New York,NY,N/A,N/A
John Mayall,2019-08-10,20:00:00,New York,NY,N/A,N/A
Keith Harkin,2019-08-11,19:00:00,Buffalo,NY,35.0,35.0
Chloe Moriondo,2019-07-27,18:00:00,New York,NY,N/A,N/A
Ibibio Sound Machine,2019-07-25,20:00:00,Brooklyn,NY,N/A,N/A
The Wood Brothers,2019-07-21,20:00:00,Westhampton Beach,NY,N/A,N/A
The Cosmic Coronas,2019-07-26,19:30:00,New York,NY,N/A,N/A
Jamie N Commons,2019-07-25,21:00:00,New York,NY,N/A,N/A
Juice w/ Stephen Day,2019-07-24,20:00:00,Ithaca,NY,N/A,N/A
Alive! 75,2019-07-20,19:00:00,Poughkeepsie,NY,N/A,N/A
Dying Fetus,2019-07-25,19:00:00,Amityville,NY,N/A,N/A
Sebadoh,2019-07-26,20:00:00,New York,NY,N/A,N/A
Jagwar Twin,2019-08-02,19:30:00,New York,NY,N/A,N/A
Sybarite Productions presents Love is Love: A Choreographers Showcase,2019-07-18,20:00:00,New York,NY,20.0,20.0
The High Kings,2019-07-25,22:00:00,New York,NY,N/A,N/A
Coolio,2019-08-02,21:00:00,Riverhead,NY,N/A,N/A
Kyle Craft,2019-07-30,20:00:00,Woodstock,NY,N/A,N/A
Above The Din,2019-08-04,19:00:00,New Yrok,NY,N/A,N/A
Shwayze,2019-08-01,20:00:00,New York,NY,N/A,N/A
3TEETH,2019-08-01,19:00:00,New York,NY,N/A,N/A
The McCrary Sisters,2019-07-28,20:00:00,Brooklyn,NY,N/A,N/A
Big Takeover,2019-08-03,20:00:00,Woodstock,NY,N/A,N/A
The Messthetics,2019-07-20,20:00:00,Woodstock,NY,N/A,N/A
Jesca Hoop,2019-07-22,20:00:00,Brooklyn,NY,N/A,N/A
Tipling Rock,2019-07-27,20:30:00,New York,NY,N/A,N/A
Yeek,2019-08-09,20:00:00,New York,NY,N/A,N/A
Yeek,2019-08-09,20:00:00,New York,NY,N/A,N/A
Molly Burch,2019-08-07,21:00:00,Brooklyn,NY,N/A,N/A
The Lords of 52nd Street,2019-08-09,20:00:00,Riverhead,NY,N/A,N/A
Albert Cummings,2019-08-03,20:00:00,New York,NY,N/A,N/A
Ed Palermo Big Band,2019-08-12,19:00:00,New York,NY,N/A,N/A
Back In Black,2019-08-10,20:00:00,Albany,NY,N/A,N/A
David Cook,2019-08-10,20:00:00,Pawling,NY,N/A,N/A
Bonobo,2019-08-17,20:00:00,Brooklyn,NY,N/A,N/A
The Steepwater Band,2019-08-11,20:00:00,New York,NY,N/A,N/A
Howlin Rain,2019-08-07,20:00:00,Brooklyn,NY,N/A,N/A
Boogie Wonder Band,2019-08-09,20:00:00,Patchogue,NY,N/A,N/A
Brian Setzer's Rockabilly Riot,2019-08-10,20:00:00,Westhampton Beach,NY,N/A,N/A
Harlem Gospel Choir - Sunday Gospel Brunch - All You Can Eat Buffet,2019-08-18,13:30:00,New York,NY,49.0,49.0
Bonerama,2019-08-15,20:00:00,Brooklyn,NY,N/A,N/A
Kitty,2019-08-17,19:30:00,New York,NY,N/A,N/A
Tragedy - Heavy Metal Bee Gees Tribute,2019-08-03,20:00:00,Brooklyn,NY,N/A,N/A
The Keeshea Pratt Band,2019-07-18,20:00:00,Buffalo,NY,10.0,10.0
Pinknic,2019-07-19,N/A,New York,NY,N/A,N/A
Pinknic,2019-07-19,15:00:00,New York,NY,N/A,N/A
Jupiter and Okwess,2019-07-31,20:00:00,Brooklyn,NY,N/A,N/A
Yonder Mountain String Band,2019-07-27,19:00:00,Baldwinsville,NY,N/A,N/A
Todd Snider,2019-07-24,20:00:00,Hudson,NY,N/A,N/A
Bettye Lavette,2019-07-19,21:00:00,Hudson,NY,N/A,N/A
Electric Mud,2019-07-25,20:00:00,New York,NY,N/A,N/A
Carvin Jones Band,2019-07-28,20:00:00,Buffalo,NY,N/A,N/A
Davina and the Vagabonds,2019-07-24,20:30:00,New York,NY,N/A,N/A
Chris Webby,2019-07-27,20:00:00,Clifton Park,NY,N/A,N/A
Hibou,2019-08-06,21:30:00,New York,NY,N/A,N/A
Rebirth Brass Band,2019-08-04,20:00:00,Albany,NY,N/A,N/A
Art Garfunkel,2019-08-11,19:30:00,Riverhead,NY,N/A,N/A
John Mayall,2019-08-09,20:00:00,New York,NY,N/A,N/A
Ronnie Earl,2019-08-17,20:00:00,New York,NY,N/A,N/A
Th' Legendary Shack Shakers,2019-08-04,20:00:00,Woodstock,NY,N/A,N/A
Real Estate,2019-08-07,20:00:00,Albany,NY,N/A,N/A
Johnny Nicholas,2019-08-15,20:00:00,Woodstock,NY,N/A,N/A
Cayetana,2019-08-02,20:30:00,Brooklyn,NY,N/A,N/A
Diabolic,2019-08-03,21:00:00,Syracuse,NY,N/A,N/A
Bardo Pond,2019-08-17,22:30:00,New York,NY,N/A,N/A
Gymshorts,2019-08-01,21:00:00,New York,NY,N/A,N/A
E.n Young,2019-08-09,22:30:00,New York,NY,N/A,N/A
Howlin Rain,2019-08-06,20:00:00,Port Chester,NY,N/A,N/A
Tilian,2019-08-01,19:00:00,Buffalo,NY,N/A,N/A
Sam Bush,2019-08-17,20:00:00,Westhampton Beach,NY,N/A,N/A
The Magician,2019-07-20,21:30:00,New York,NY,N/A,N/A
Tom Walker,2019-08-05,19:00:00,New York,NY,N/A,N/A
Art Garfunkel,2019-08-10,20:00:00,Tarrytown,NY,N/A,N/A
Brass Transit,2019-07-20,20:00:00,Waterloo,NY,N/A,N/A
Tom Walker,2019-08-06,20:00:00,Brooklyn,NY,N/A,N/A
The Magician,2019-07-19,22:30:00,New York,NY,N/A,N/A
Southside Johnny & the Asbury Jukes,2019-07-19,20:00:00,Westhampton Beach,NY,N/A,N/A
Drugdealer,2019-07-20,21:00:00,Brooklyn,NY,N/A,N/A
The Buttertones,2019-07-25,21:00:00,Brooklyn,NY,N/A,N/A
The Mekons,2019-07-19,21:00:00,Brooklyn,NY,N/A,N/A
G Jones w/ Shades,2019-07-27,20:00:00,Brooklyn,NY,N/A,N/A
The Magic of Motown,2019-07-19,20:00:00,Riverhead,NY,N/A,N/A
Pinknic,2019-07-20,12:00:00,New York,NY,N/A,N/A
The Shirts and Shoes,2019-07-21,19:30:00,New Yrok,NY,N/A,N/A
Suburbs,2019-07-24,21:00:00,New York,NY,N/A,N/A
Charley Crockett,2019-07-24,20:00:00,Brooklyn,NY,N/A,N/A
Maria Muldaur,2019-07-19,20:00:00,Woodstock,NY,N/A,N/A
Elrow New York,2019-07-27,18:00:00,Brooklyn,NY,N/A,N/A
The Regrettes,2019-08-02,19:00:00,Buffalo,NY,N/A,N/A
Kurt Vile & The Violators,2019-07-30,20:00:00,Albany,NY,N/A,N/A
The Acacia Strain,2019-08-01,18:00:00,Rochester,NY,N/A,N/A
Viagra Boys,2019-07-28,20:00:00,New York,NY,N/A,N/A
Postmodern Jukebox,2019-08-04,20:00:00,Westhampton Beach,NY,N/A,N/A
Andy Suzuki & the Method,2019-08-07,18:30:00,New York,NY,N/A,N/A
Neurosis,2019-08-11,20:00:00,Brooklyn,NY,N/A,N/A
The Felice Brothers,2019-08-13,20:00:00,Ithaca,NY,N/A,N/A
Tilian,2019-08-03,19:00:00,New York,NY,N/A,N/A
Skolhamm Asylum,2019-07-19,20:00:00,New York,NY,N/A,N/A
"Toño Rosario, Banda Gorda, Masa",2019-08-11,18:30:00,New York,NY,50.0,50.0
Bim Skala Bim,2019-08-03,20:00:00,Ithaca,NY,N/A,N/A
Skolhamm Asylum,2019-07-27,19:00:00,Buffalo,NY,15.0,15.0
Greg Howe,2019-07-27,20:00:00,New York,NY,N/A,N/A
Khemmis,2019-07-19,19:00:00,Brooklyn,NY,N/A,N/A
Pat McGee Band,2019-08-02,20:00:00,Buffalo,NY,25.0,25.0
Stick Men,2019-07-31,20:00:00,New York,NY,N/A,N/A
MarchFourth Marching Band w/ Luthi,2019-08-08,20:00:00,Brooklyn,NY,N/A,N/A
Kris Lager Band,2019-08-08,19:00:00,Buffalo,NY,10.0,10.0
The Iron Maidens,2019-07-25,18:00:00,Elmhurst,NY,N/A,N/A
"Brownstonejazz Concert Series, Fish Fry & Open Mic",2019-07-20,21:00:00,Brooklyn ,NY,N/A,N/A
Back to the Eighties Show with Jessie's Girl,2019-07-20,23:55:00,New York,NY,N/A,N/A
"Skolhamm Asylum Feat. Stu Hamm, Alex Skolnick",2019-07-20,20:00:00,New York,NY,N/A,N/A
"Brownstonejazz Concert Series, Fish Fry & Open Mic",2019-07-19,21:00:00,Brooklyn ,NY,N/A,N/A
"Heartsick, Lumen, Razorwave, Cousin Julius, Anttimmy",2019-07-18,19:00:00,Poughkeepsie,NY,N/A,N/A
Manhattan Hip Hop Vs. Reggae Cabana Yacht Party At Skyport Marina,2019-07-19,23:45:00,New York,NY,N/A,N/A
Reelin' In the Years: Celebrating the Music of Steely Dan,2019-07-20,20:00:00,Pawling,NY,N/A,N/A
Caribbean Saturdays,2019-07-20,23:00:00,New York,NY,N/A,N/A
"Ecliptic Vision, Shepherd of Rot, Bound and Quartered, Pestis Inferos,",2019-07-20,19:00:00,Syracuse,NY,N/A,N/A
Art Boat Nyc Summer Yacht Party Cruise At Skyport Marina 2019,2019-07-20,23:45:00,New York,NY,N/A,N/A
Nyc Summer Midnight Yacht Party Cruise At Skyport Marina Cabana Yacht,2019-07-20,23:45:00,New York,NY,N/A,N/A
Nyc Hip Hop Vs. Reggae Cabana Yacht Party At Skyport Marina,2019-07-20,23:45:00,New York,NY,N/A,N/A
Art Boat Nyc Yacht Party Cruise At Skyport Marina 2019,2019-07-19,23:45:00,New York,NY,N/A,N/A
Live Band Karaoke: 80's Edition,2019-07-19,22:00:00,Buffalo,NY,N/A,N/A
"Valipala, Kamilah, Links, Elle Winston",2019-07-20,19:30:00,New York,NY,N/A,N/A
Maria Muldaur,2019-07-21,19:00:00,Pawling,NY,N/A,N/A
The Messthetics,2019-07-19,21:00:00,Rochester,NY,N/A,N/A
Buster Williams Quartet,2019-07-21,19:30:00,New York,NY,N/A,N/A
Buster Williams Quartet,2019-07-21,21:30:00,New York,NY,N/A,N/A
New York Saturday Midnight Yacht Party Booze Cruise At Skyport Marina,2019-07-20,23:45:00,New York,NY,N/A,N/A
Acoustic Brunch: Native Harrow,2019-07-21,12:00:00,Pawling,NY,N/A,N/A
"Skolhamm Asylum Feat. Stu Hamm, Alex Skolnick",2019-07-19,20:00:00,New York,NY,N/A,N/A
"Huntertones, Ryan Scott",2019-07-18,20:00:00,Brooklyn,NY,N/A,N/A
Saor,2019-07-20,19:00:00,Brooklyn,NY,N/A,N/A
Maria Muldaur,2019-07-21,19:00:00,Pawling,NY,N/A,N/A
Alive! 75,2019-07-20,19:00:00,Poughkeepsie,NY,N/A,N/A
Jessie's Girl,2019-07-20,23:55:00,New York,NY,N/A,N/A
The Motet,2019-07-19,20:00:00,Pawling,NY,N/A,N/A
Premium Box Seats: Heart,2019-07-21,19:00:00,Saratoga Springs,NY,100.0,100.0
Premium Box Seats: Wiz Khalifa,2019-07-21,18:00:00,Darien Center,NY,100.0,100.0
Premium Box Seats: 311 & Dirty Heads,2019-07-20,17:45:00,Darien Center,NY,100.0,100.0
The Marias,2019-07-20,20:00:00,New York,NY,N/A,N/A
Bunny X ,2019-07-19,19:00:00,Brooklyn,NY,10.0,10.0
Concierto Exclusivo en New York JOSIMAR y SU YAMBU,2019-07-21,20:00:00,New York,NY,65.0,65.0
Take Me Out - 2000s Disco Punk,2019-07-19,23:30:00,Brooklyn,NY,10.0,10.0
"Why Don’t You Come on Over: A Party inspired by the music of Amy Winehouse, Mark Ronson, Lady Gaga, and Pharrell Williams",2019-07-20,19:30:00,Brooklyn,NY,5.0,5.0
Hello BKLYN Music Fest,2019-07-21,19:00:00,New York,NY,20.0,20.0
AM Southampton - July 20th - DXVID JXMES,2019-07-20,23:00:00,Southampton,NY,10.0,10.0
Sammy Adams @ AM Southampton - July 19th,2019-07-19,23:00:00,Southampton,NY,10.0,10.0
Attaque 77,2019-07-20,20:30:00,New York,NY,35.0,35.0
Sunday Funday Bash!,2019-07-21,18:00:00,Brooklyn,NY,15.0,15.0
#RUMBOALOS30 Haragan Y CIA,2019-07-21,21:00:00,New York,NY,38.0,38.0
Salsa Riqueno Latin Band,2019-07-19,20:00:00,New York,NY,10.0,10.0
Voss Events Drag Brunch,2019-07-21,14:30:00,New York,NY,24.95,24.95
Voss Events Drag Brunch,2019-07-21,12:00:00,New York,NY,24.95,24.95
Mingus Big Band: Celebrating 10 Years At Jazz Standard,2019-07-22,19:30:00,New York,NY,N/A,N/A
Mingus Big Band: Celebrating 10 Years At Jazz Standard,2019-07-22,21:30:00,New York,NY,N/A,N/A
Connie Han Trio,2019-07-23,21:30:00,New York,NY,N/A,N/A
Connie Han Trio,2019-07-23,19:30:00,New York,NY,N/A,N/A
Brandon Niederauer,2019-07-23,20:00:00,New York,NY,N/A,N/A
Premium Box Seats: Rob Thomas,2019-07-23,19:30:00,Syracuse,NY,146.95,146.95
The EarWaxx Sessions,2019-07-23,20:00:00,Amityville,NY,10.0,10.0
Akae Beka,2019-07-23,21:00:00,New York,NY,20.0,20.0
Stunna 4 Vegas,2019-07-23,19:00:00,Poughkeepsie,NY,25.0,25.0
Jonathan Barber & Vision Ahead,2019-07-24,19:30:00,New York,NY,N/A,N/A
Jonathan Barber & Vision Ahead,2019-07-24,21:30:00,New York,NY,N/A,N/A
Davina and the Vagabonds,2019-07-24,20:30:00,New York,NY,N/A,N/A
Savannah King,2019-07-24,20:00:00,Syracuse,NY,N/A,N/A
Skolhamm Asylum,2019-07-24,19:00:00,Pawling,NY,N/A,N/A
Holy Grail,2019-07-24,19:00:00,Brooklyn,NY,N/A,N/A
Summer Salt w/ Dante Elephante,2019-07-24,20:00:00,Brooklyn,NY,N/A,N/A
Illiterate Light,2019-07-24,18:30:00,New York,NY,N/A,N/A
We Banjo 3,2019-07-24,20:00:00,Buffalo,NY,N/A,N/A
Premium Box Seats: Rob Thomas,2019-07-24,19:30:00,Saratoga Springs,NY,100.0,100.0
Greg Howe,2019-07-25,20:00:00,New York,NY,N/A,N/A
George Coleman Quintet,2019-07-25,19:30:00,New York,NY,N/A,N/A
George Coleman Quintet,2019-07-25,21:30:00,New York,NY,N/A,N/A
"Chris Webby Ft. Jarren Benton, Locksmith & Ak40devin",2019-07-25,18:30:00,New York,NY,N/A,N/A
Blues Brunch: Diane Blue with Chris Vitarello,2019-07-13,12:00:00,Pawling,NY,N/A,N/A
Greg Howe,2019-07-25,20:00:00,New York,NY,N/A,N/A
Dying Fetus,2019-07-25,19:00:00,Amityville,NY,N/A,N/A
Chris Webby,2019-07-25,20:00:00,New York,NY,N/A,N/A
Vinny Pastore's Gangster Squad,2019-07-25,20:00:00,Pawling,NY,N/A,N/A
Bareto,2019-07-25,23:00:00,New York,NY,37.0,37.0
AFROPUNK Battle of the Bands: Night Two,2019-07-25,20:00:00,Brooklyn,NY,5.0,5.0
Brutal by Design presents: HIP HOP NIGHT,2019-07-25,19:00:00,Syracuse,NY,N/A,N/A
Katya Zamolodchikova,2019-07-26,20:00:00,New York,NY,N/A,N/A
"Brownstonejazz Concert Series, Fish Fry & Open Mic",2019-07-26,21:00:00,Brooklyn ,NY,N/A,N/A
"Amigo the Devil, Cory Branan, Laura Wurster, Present Essence",2019-07-26,19:00:00,Poughkeepsie,NY,N/A,N/A
"Summer Series: Roger Sanchez, Espinal & Nova",2019-07-26,19:30:00,New York,NY,N/A,N/A
"Abyance, Narwhal Bloodbath, Less Than Hate, Nuclear Winter, the Impuri",2019-07-26,18:30:00,Buffalo,NY,N/A,N/A
"Exmag, Mugilla",2019-07-26,21:00:00,Syracuse,NY,N/A,N/A
Greg Howe,2019-07-26,20:00:00,New York,NY,N/A,N/A
Greg Howe,2019-07-26,22:00:00,New York,NY,N/A,N/A
George Coleman Quintet,2019-07-26,21:30:00,New York,NY,N/A,N/A
George Coleman Quintet,2019-07-26,19:30:00,New York,NY,N/A,N/A
Greg Howe,2019-07-26,22:00:00,New York,NY,N/A,N/A
Greg Howe,2019-07-26,20:00:00,New York,NY,N/A,N/A
Mark Redito,2019-07-26,19:00:00,Brooklyn,NY,N/A,N/A
Melanie,2019-07-26,20:00:00,Pawling,NY,N/A,N/A
Premium Box Seats: Heart,2019-07-26,19:00:00,Darien Center,NY,100.0,100.0
Premium Box Seats: Brad Paisley World Tour 2019,2019-07-26,19:30:00,Syracuse,NY,174.5,174.5
Emotronic - Emo Rave Night,2019-07-26,23:30:00,Brooklyn,NY,10.0,10.0
AFROPUNK Battle of the Bands: Night Three,2019-07-26,20:00:00,Brooklyn,NY,5.0,5.0
Francis Mercier @ AM Southampton - July 26th,2019-07-26,23:00:00,Southampton,NY,15.0,15.0
DMC,2019-07-26,19:00:00,Brooklyn,NY,25.0,25.0
The Fabulous Ripcords,2019-07-27,21:00:00,Syracuse,NY,N/A,N/A
"Brownstonejazz Concert Series, Fish Fry & Open Mic",2019-07-27,21:00:00,Brooklyn ,NY,N/A,N/A
Caribbean Saturdays,2019-07-27,23:00:00,New York,NY,N/A,N/A
Light Show Day Party Leo Affair At Amadeus Nightclub 2019,2019-07-27,23:00:00,Queens,NY,N/A,N/A
Greg Howe,2019-07-27,20:00:00,New York,NY,N/A,N/A
Greg Howe,2019-07-27,22:00:00,New York,NY,N/A,N/A
George Coleman Quintet,2019-07-27,21:30:00,New York,NY,N/A,N/A
George Coleman Quintet,2019-07-27,19:30:00,New York,NY,N/A,N/A
Back to the Eighties Show with Jessie's Girl,2019-07-27,23:55:00,New York,NY,N/A,N/A
The Iron Maidens,2019-07-27,19:00:00,Poughkeepsie,NY,N/A,N/A
Greg Howe,2019-07-27,22:00:00,New York,NY,N/A,N/A
Katya Zamolodchikova,2019-07-27,19:00:00,New York,NY,N/A,N/A
Jessie's Girl,2019-07-27,23:55:00,New York,NY,N/A,N/A
Pup Punk,2019-07-27,22:00:00,Wantagh,NY,N/A,N/A
  Rhythm Revue's First Early Boat Ride,2019-07-27,19:00:00," New York, NY 10014",NY,34.0,34.0
AFROPUNK Battle of the Bands: Night Four,2019-07-27,20:00:00,Brooklyn,NY,5.0,5.0
Chova @ AM Southampton - July 27th,2019-07-27,23:00:00,Southampton,NY,10.0,10.0
Bluegrass Brunch: Jim Gaudet & the Railroad Boys,2019-07-28,12:00:00,Pawling,NY,N/A,N/A
George Coleman Quintet,2019-07-28,21:30:00,New York,NY,N/A,N/A
George Coleman Quintet,2019-07-28,19:30:00,New York,NY,N/A,N/A
School of Rock All Stars,2019-07-28,19:00:00,New York,NY,N/A,N/A
Martin Courtney,2019-07-28,20:00:00,Buffalo,NY,N/A,N/A
Creative Chaos,2019-07-28,19:00:00,New York,NY,20.0,20.0
Voss Events Drag Brunch,2019-07-28,12:00:00,New York,NY,24.95,24.95
Voss Events Drag Brunch,2019-07-28,14:30:00,New York,NY,24.95,24.95
Mingus Big Band: Celebrating 10 Years At Jazz Standard,2019-07-29,21:30:00,New York,NY,N/A,N/A
Mingus Big Band: Celebrating 10 Years At Jazz Standard,2019-07-29,19:30:00,New York,NY,N/A,N/A
Pearly Baker's Best,2019-07-29,20:30:00,Syracuse,NY,N/A,N/A
Black Pumas,2019-07-29,18:30:00,New York,NY,N/A,N/A
Tinsley Ellis,2019-07-30,20:00:00,New York,NY,N/A,N/A
Maria Schneider Orchestra,2019-07-30,21:30:00,New York,NY,N/A,N/A
Roots of Creation & Spiritual Rez Concert Cruise,2019-07-30,20:00:00,New York,NY,N/A,N/A
Maria Schneider Orchestra,2019-07-30,19:30:00,New York,NY,N/A,N/A
Joe Marcinek Band,2019-07-30,21:00:00,Syracuse,NY,N/A,N/A
Tinsley Ellis,2019-07-30,20:00:00,New York,NY,N/A,N/A
Kyle Craft,2019-07-30,20:00:00,Woodstock,NY,N/A,N/A
Limbo,2019-07-30,21:30:00,New York,NY,N/A,N/A
The EarWaxx Sessions,2019-07-30,20:00:00,Amityville,NY,10.0,10.0
Maria Schneider Orchestra,2019-07-31,19:30:00,New York,NY,N/A,N/A
Maria Schneider Orchestra,2019-07-31,21:30:00,New York,NY,N/A,N/A
Kristen Capolino,2019-07-31,19:00:00,Pawling,NY,N/A,N/A
"Tilian, Landon Tewers, Brent Walsh, Rivals",2019-08-01,19:00:00,Buffalo,NY,N/A,N/A
Siamese Connection,2019-08-01,23:00:00,New York,NY,N/A,N/A
Summer Wars,2019-08-01,18:00:00,Amityville,NY,N/A,N/A
Stick Men,2019-08-01,20:00:00,New York,NY,N/A,N/A
Ghost-Note,2019-08-01,20:00:00,Brooklyn,NY,N/A,N/A
Shwayze,2019-08-01,20:00:00,New York,NY,N/A,N/A
Abdullah Ibrahim & Ekaya,2019-08-01,19:30:00,New York,NY,40.0,40.0
Abdullah Ibrahim & Ekaya,2019-08-01,21:30:00,New York,NY,40.0,40.0
"Brownstonejazz Concert Series, Fish Fry & Open Mic",2019-08-02,21:00:00,Brooklyn ,NY,N/A,N/A
"Thin Lear, Swimming Bell, Raised By Tigers",2019-08-02,19:30:00,Brooklyn,NY,N/A,N/A
"Live Band Karaoke: Rock, Pop, 90s Edition",2019-08-02,22:00:00,Buffalo,NY,N/A,N/A
Nyc Hip Hop Vs. Reggae Summer Yacht Party At Skyport Marina Cabana,2019-08-02,23:45:00,New York,NY,N/A,N/A
Kip Winger,2019-08-02,20:00:00,New York,NY,N/A,N/A
Natural Wonder,2019-08-02,20:00:00,Pawling,NY,N/A,N/A
All Out War,2019-08-02,18:30:00,Poughkeepsie,NY,N/A,N/A
Thin Lear,2019-08-02,19:30:00,New York,NY,N/A,N/A
"D.A.N.C.E - BLOG HAUS & 2000'S ELECTRO w DJS COMPUTER MAGIC, FLYING HORSE & ALEX ENGLISH",2019-08-02,23:30:00,Brooklyn,NY,10.0,10.0
Abdullah Ibrahim & Ekaya,2019-08-02,19:30:00,New York,NY,40.0,40.0
Abdullah Ibrahim & Ekaya,2019-08-02,21:30:00,New York,NY,40.0,40.0
Natural Wonder: The Ultimate Stevie Wonder Experience,2019-08-02,20:00:00,Pawling,NY,N/A,N/A
Start Making Sense: Talking Heads Tribute Concert Cruise,2019-08-02,19:00:00,New York,NY,35.0,35.0
Brutal By Design Presents: Diabolic & King Magnetic W/S/G GQ Nothin PR,2019-08-03,21:00:00,Syracuse,NY,N/A,N/A
"Brownstonejazz Concert Series, Fish Fry & Open Mic",2019-08-03,21:00:00,Brooklyn ,NY,N/A,N/A
"Tilian, Landon Tewers, Brent Walsh, Rivals",2019-08-03,19:00:00,Brooklyn,NY,N/A,N/A
Caribbean Saturdays,2019-08-03,23:00:00,New York,NY,N/A,N/A
"Summer Series: Super Flu, Taches",2019-08-03,19:30:00,New York,NY,N/A,N/A
Nyc Hawaiian Luau Yacht Party Cruise At the Hornblower Pier 15,2019-08-03,22:00:00,New York,NY,N/A,N/A
Unapologetic X Power 105: Blue Juice Mania I DJ Sussone + DJ Norie Liv,2019-08-03,22:00:00,New York,NY,N/A,N/A
Albert Cummings,2019-08-03,20:00:00,New York,NY,N/A,N/A
Back to the Eighties Show with Jessie's Girl,2019-08-03,23:55:00,New York,NY,N/A,N/A
Albert Cummings,2019-08-03,20:00:00,New York,NY,N/A,N/A
Ryan Montbleau Band,2019-08-03,20:00:00,Bouckville,NY,N/A,N/A
Enter the Haggis,2019-08-03,20:00:00,Pawling,NY,N/A,N/A
Jessie's Girl,2019-08-03,23:55:00,New York,NY,N/A,N/A
Big Takeover,2019-08-03,20:00:00,Woodstock,NY,N/A,N/A
Hi-Rez,2019-08-03,22:30:00,New York,NY,N/A,N/A
Casey Veggies,2019-08-03,19:00:00,New York,NY,N/A,N/A
The Black Parade - Emo & Pop Punk Night,2019-08-03,23:30:00,Brooklyn,NY,5.0,5.0
Abdullah Ibrahim & Ekaya,2019-08-03,19:30:00,New York,NY,40.0,40.0
Abdullah Ibrahim & Ekaya,2019-08-03,21:30:00,New York,NY,40.0,40.0
Acoustic Brunch: The HawtThorns,2019-08-03,12:00:00,Pawling,NY,N/A,N/A
Acoustic Brunch: Oliver Bates Craven,2019-08-04,12:00:00,Pawling,NY,N/A,N/A
The Aristocrats,2019-08-04,19:00:00,Pawling,NY,N/A,N/A
Will Leet,2019-08-04,17:30:00,New York,NY,N/A,N/A
Nightingale,2019-08-04,19:00:00,Woodstock,NY,N/A,N/A
Show Me A Good Time,2019-08-04,19:00:00,New York,NY,20.0,20.0
Abdullah Ibrahim & Ekaya,2019-08-04,21:30:00,New York,NY,40.0,40.0
Abdullah Ibrahim & Ekaya,2019-08-04,19:30:00,New York,NY,40.0,40.0
Voss Events Drag Brunch,2019-08-04,14:30:00,New York,NY,24.95,24.95
Voss Events Drag Brunch,2019-08-04,12:00:00,New York,NY,24.95,24.95
Pearly Baker's Best,2019-08-05,20:30:00,Syracuse,NY,N/A,N/A
Mingus Big Band,2019-08-05,19:30:00,New York,NY,30.0,30.0
Mingus Big Band,2019-08-05,21:30:00,New York,NY,30.0,30.0
New Talent,2019-08-05,19:00:00,New York,NY,16.5,16.5
Eric Steckel,2019-08-06,20:00:00,New York,NY,N/A,N/A
The EarWaxx Sessions,2019-08-06,20:00:00,Amityville,NY,10.0,10.0
"Shawn James, Common Jack",2019-08-07,20:00:00,Brooklyn,NY,N/A,N/A
Shawn James,2019-08-07,20:00:00,New York,NY,N/A,N/A
Stick Men,2019-08-07,19:00:00,Pawling,NY,N/A,N/A
Too Many Zooz,2019-08-07,20:00:00,New York,NY,N/A,N/A
Jared & The Mill,2019-08-07,20:00:00,Buffalo,NY,N/A,N/A
Blacktop Mojo,2019-08-07,19:00:00,Poughkeepsie,NY,N/A,N/A
Popa Chubby Plays Hendrix,2019-08-07,20:00:00,New York,NY,25.0,25.0
Funk 'n Waffles presents: BRANDON SANTINI,2019-08-07,20:00:00,Syracuse,NY,10.0,10.0
John Mayall,2019-08-08,20:00:00,New York,NY,N/A,N/A
John Mayall,2019-08-08,20:00:00,New York,NY,N/A,N/A
Smrtdeath w/ Lil Lotus,2019-08-08,20:00:00,Brooklyn,NY,N/A,N/A
Jamison Ross,2019-08-08,21:30:00,New York,NY,30.0,30.0
Jamison Ross,2019-08-08,19:30:00,New York,NY,30.0,30.0
Long Island Beatbox Battle,2019-08-08,20:00:00,Amityville,NY,10.0,10.0
Mike Zito,2019-08-08,19:30:00,New York,NY,25.0,25.0
"Brownstonejazz Concert Series, Fish Fry & Open Mic",2019-08-09,21:00:00,Brooklyn ,NY,N/A,N/A
Live Band Karaoke: 80's Edition,2019-08-09,22:00:00,Buffalo,NY,N/A,N/A
John Mayall,2019-08-09,20:00:00,New York,NY,N/A,N/A
Thunderstruck,2019-08-09,19:00:00,Poughkeepsie,NY,N/A,N/A
Drab Majesty,2019-08-09,21:00:00,Brooklyn,NY,N/A,N/A
E.n Young,2019-08-09,22:30:00,New York,NY,N/A,N/A
Jamison Ross,2019-08-09,19:30:00,New York,NY,30.0,30.0
Jamison Ross,2019-08-09,21:30:00,New York,NY,30.0,30.0
Mini Kiss,2019-08-09,20:00:00,Wantagh,NY,12.0,12.0
Nevermind,2019-08-09,23:30:00,Brooklyn,NY,10.0,10.0
Gateways Music Festival After Hours,2019-08-09,22:00:00,Rochester,NY,10.0,10.0
